CVE_ENT,NOM_ENT,CVE_MUN,NOM_MUN
01,Aguascalientes,001,Aguascalientes
02,Baja California,001,Ensenada
03,Baja California Sur,001,Comondú
04,Campeche,001,Calkiní
05,Coahuila de Zaragoza,001,Abasolo
06,Colima,001,Armería
07,Chiapas,001,Acacoyagua
08,Chihuahua,001,Ahumada
10,Durango,001,Canatlán
11,Guanajuato,001,Abasolo
12,Guerrero,001,Acapulco de Juárez
13,Hidalgo,001,Acatlán
14,Jalisco,001,Acatic
15,México,001,Acambay de Ruíz Castañeda
16,Michoacán de Ocampo,001,Acuitzio
17,Morelos,001,Amacuzac
18,Nayarit,001,Acaponeta
19,Nuevo León,001,Abasolo
20,Oaxaca,001,Abejones
21,Puebla,001,Acajete
22,Querétaro,001,Amealco de Bonfil
23,Quintana Roo,001,Cozumel
24,San Luis Potosí,001,Ahualulco
25,Sinaloa,001,Ahome
26,Sonora,001,Aconchi
27,Tabasco,001,Balancán
28,Tamaulipas,001,Abasolo
29,Tlaxcala,001,Amaxac de Guerrero
30,Veracruz de Ignacio de la Llave,001,Acajete
31,Yucatán,001,Abalá
32,Zacatecas,001,Apozol
01,Aguascalientes,002,Asientos
02,Baja California,002,Mexicali
03,Baja California Sur,002,Mulegé
04,Campeche,002,Campeche
05,Coahuila de Zaragoza,002,Acuña
06,Colima,002,Colima
07,Chiapas,002,Acala
08,Chihuahua,002,Aldama
09,Distrito Federal,002,Azcapotzalco
10,Durango,002,Canelas
11,Guanajuato,002,Acámbaro
12,Guerrero,002,Ahuacuotzingo
13,Hidalgo,002,Acaxochitlán
14,Jalisco,002,Acatlán de Juárez
15,México,002,Acolman
16,Michoacán de Ocampo,002,Aguililla
17,Morelos,002,Atlatlahucan
18,Nayarit,002,Ahuacatlán
19,Nuevo León,002,Agualeguas
20,Oaxaca,002,Acatlán de Pérez Figueroa
21,Puebla,002,Acateno
22,Querétaro,002,Pinal de Amoles
23,Quintana Roo,002,Felipe Carrillo Puerto
24,San Luis Potosí,002,Alaquines
25,Sinaloa,002,Angostura
26,Sonora,002,Agua Prieta
27,Tabasco,002,Cárdenas
28,Tamaulipas,002,Aldama
29,Tlaxcala,002,Apetatitlán de Antonio Carvajal
30,Veracruz de Ignacio de la Llave,002,Acatlán
31,Yucatán,002,Acanceh
32,Zacatecas,002,Apulco
01,Aguascalientes,003,Calvillo
02,Baja California,003,Tecate
03,Baja California Sur,003,La Paz
04,Campeche,003,Carmen
05,Coahuila de Zaragoza,003,Allende
06,Colima,003,Comala
07,Chiapas,003,Acapetahua
08,Chihuahua,003,Allende
09,Distrito Federal,003,Coyoacán
10,Durango,003,Coneto de Comonfort
11,Guanajuato,003,San Miguel de Allende
12,Guerrero,003,Ajuchitlán del Progreso
13,Hidalgo,003,Actopan
14,Jalisco,003,Ahualulco de Mercado
15,México,003,Aculco
16,Michoacán de Ocampo,003,Álvaro Obregón
17,Morelos,003,Axochiapan
18,Nayarit,003,Amatlán de Cañas
19,Nuevo León,003,Los Aldamas
20,Oaxaca,003,Asunción Cacalotepec
21,Puebla,003,Acatlán
22,Querétaro,003,Arroyo Seco
23,Quintana Roo,003,Isla Mujeres
24,San Luis Potosí,003,Aquismón
25,Sinaloa,003,Badiraguato
26,Sonora,003,Alamos
27,Tabasco,003,Centla
28,Tamaulipas,003,Altamira
29,Tlaxcala,003,Atlangatepec
30,Veracruz de Ignacio de la Llave,003,Acayucan
31,Yucatán,003,Akil
32,Zacatecas,003,Atolinga
01,Aguascalientes,004,Cosío
02,Baja California,004,Tijuana
04,Campeche,004,Champotón
05,Coahuila de Zaragoza,004,Arteaga
06,Colima,004,Coquimatlán
07,Chiapas,004,Altamirano
08,Chihuahua,004,Aquiles Serdán
09,Distrito Federal,004,Cuajimalpa de Morelos
10,Durango,004,Cuencamé
11,Guanajuato,004,Apaseo el Alto
12,Guerrero,004,Alcozauca de Guerrero
13,Hidalgo,004,Agua Blanca de Iturbide
14,Jalisco,004,Amacueca
15,México,004,Almoloya de Alquisiras
16,Michoacán de Ocampo,004,Angamacutiro
17,Morelos,004,Ayala
18,Nayarit,004,Compostela
19,Nuevo León,004,Allende
20,Oaxaca,004,Asunción Cuyotepeji
21,Puebla,004,Acatzingo
22,Querétaro,004,Cadereyta de Montes
23,Quintana Roo,004,Othón P. Blanco
24,San Luis Potosí,004,Armadillo de los Infante
25,Sinaloa,004,Concordia
26,Sonora,004,Altar
27,Tabasco,004,Centro
28,Tamaulipas,004,Antiguo Morelos
29,Tlaxcala,004,Atltzayanca
30,Veracruz de Ignacio de la Llave,004,Actopan
31,Yucatán,004,Baca
32,Zacatecas,004,Benito Juárez
01,Aguascalientes,005,Jesús María
02,Baja California,005,Playas de Rosarito
04,Campeche,005,Hecelchakán
05,Coahuila de Zaragoza,005,Candela
06,Colima,005,Cuauhtémoc
07,Chiapas,005,Amatán
08,Chihuahua,005,Ascensión
09,Distrito Federal,005,Gustavo A. Madero
10,Durango,005,Durango
11,Guanajuato,005,Apaseo el Grande
12,Guerrero,005,Alpoyeca
13,Hidalgo,005,Ajacuba
14,Jalisco,005,Amatitán
15,México,005,Almoloya de Juárez
16,Michoacán de Ocampo,005,Angangueo
17,Morelos,005,Coatlán del Río
18,Nayarit,005,Huajicori
19,Nuevo León,005,Anáhuac
20,Oaxaca,005,Asunción Ixtaltepec
21,Puebla,005,Acteopan
22,Querétaro,005,Colón
23,Quintana Roo,005,Benito Juárez
24,San Luis Potosí,005,Cárdenas
25,Sinaloa,005,Cosalá
26,Sonora,005,Arivechi
27,Tabasco,005,Comalcalco
28,Tamaulipas,005,Burgos
29,Tlaxcala,005,Apizaco
30,Veracruz de Ignacio de la Llave,005,Acula
31,Yucatán,005,Bokobá
32,Zacatecas,005,Calera
01,Aguascalientes,006,Pabellón de Arteaga
04,Campeche,006,Hopelchén
05,Coahuila de Zaragoza,006,Castaños
06,Colima,006,Ixtlahuacán
07,Chiapas,006,Amatenango de la Frontera
08,Chihuahua,006,Bachíniva
09,Distrito Federal,006,Iztacalco
10,Durango,006,General Simón Bolívar
11,Guanajuato,006,Atarjea
12,Guerrero,006,Apaxtla
13,Hidalgo,006,Alfajayucan
14,Jalisco,006,Ameca
15,México,006,Almoloya del Río
16,Michoacán de Ocampo,006,Apatzingán
17,Morelos,006,Cuautla
18,Nayarit,006,Ixtlán del Río
19,Nuevo León,006,Apodaca
20,Oaxaca,006,Asunción Nochixtlán
21,Puebla,006,Ahuacatlán
22,Querétaro,006,Corregidora
23,Quintana Roo,006,José María Morelos
24,San Luis Potosí,006,Catorce
25,Sinaloa,006,Culiacán
26,Sonora,006,Arizpe
27,Tabasco,006,Cunduacán
28,Tamaulipas,006,Bustamante
29,Tlaxcala,006,Calpulalpan
30,Veracruz de Ignacio de la Llave,006,Acultzingo
31,Yucatán,006,Buctzotz
32,Zacatecas,006,Cañitas de Felipe Pescador
01,Aguascalientes,007,Rincón de Romos
04,Campeche,007,Palizada
05,Coahuila de Zaragoza,007,Cuatro Ciénegas
06,Colima,007,Manzanillo
07,Chiapas,007,Amatenango del Valle
08,Chihuahua,007,Balleza
09,Distrito Federal,007,Iztapalapa
10,Durango,007,Gómez Palacio
11,Guanajuato,007,Celaya
12,Guerrero,007,Arcelia
13,Hidalgo,007,Almoloya
14,Jalisco,007,San Juanito de Escobedo
15,México,007,Amanalco
16,Michoacán de Ocampo,007,Aporo
17,Morelos,007,Cuernavaca
18,Nayarit,007,Jala
19,Nuevo León,007,Aramberri
20,Oaxaca,007,Asunción Ocotlán
21,Puebla,007,Ahuatlán
22,Querétaro,007,Ezequiel Montes
23,Quintana Roo,007,Lázaro Cárdenas
24,San Luis Potosí,007,Cedral
25,Sinaloa,007,Choix
26,Sonora,007,Atil
27,Tabasco,007,Emiliano Zapata
28,Tamaulipas,007,Camargo
29,Tlaxcala,007,El Carmen Tequexquitla
30,Veracruz de Ignacio de la Llave,007,Camarón de Tejeda
31,Yucatán,007,Cacalchén
32,Zacatecas,007,Concepción del Oro
01,Aguascalientes,008,San José de Gracia
03,Baja California Sur,008,Los Cabos
04,Campeche,008,Tenabo
05,Coahuila de Zaragoza,008,Escobedo
06,Colima,008,Minatitlán
07,Chiapas,008,Angel Albino Corzo
08,Chihuahua,008,Batopilas
09,Distrito Federal,008,La Magdalena Contreras
10,Durango,008,Guadalupe Victoria
11,Guanajuato,008,Manuel Doblado
12,Guerrero,008,Atenango del Río
13,Hidalgo,008,Apan
14,Jalisco,008,Arandas
15,México,008,Amatepec
16,Michoacán de Ocampo,008,Aquila
17,Morelos,008,Emiliano Zapata
18,Nayarit,008,Xalisco
19,Nuevo León,008,Bustamante
20,Oaxaca,008,Asunción Tlacolulita
21,Puebla,008,Ahuazotepec
22,Querétaro,008,Huimilpan
23,Quintana Roo,008,Solidaridad
24,San Luis Potosí,008,Cerritos
25,Sinaloa,008,Elota
26,Sonora,008,Bacadéhuachi
27,Tabasco,008,Huimanguillo
28,Tamaulipas,008,Casas
29,Tlaxcala,008,Cuapiaxtla
30,Veracruz de Ignacio de la Llave,008,Alpatláhuac
31,Yucatán,008,Calotmul
32,Zacatecas,008,Cuauhtémoc
01,Aguascalientes,009,Tepezalá
03,Baja California Sur,009,Loreto
04,Campeche,009,Escárcega
05,Coahuila de Zaragoza,009,Francisco I. Madero
06,Colima,009,Tecomán
07,Chiapas,009,Arriaga
08,Chihuahua,009,Bocoyna
09,Distrito Federal,009,Milpa Alta
10,Durango,009,Guanaceví
11,Guanajuato,009,Comonfort
12,Guerrero,009,Atlamajalcingo del Monte
13,Hidalgo,009,El Arenal
14,Jalisco,009,El Arenal
15,México,009,Amecameca
16,Michoacán de Ocampo,009,Ario
17,Morelos,009,Huitzilac
18,Nayarit,009,Del Nayar
19,Nuevo León,009,Cadereyta Jiménez
20,Oaxaca,009,Ayotzintepec
21,Puebla,009,Ahuehuetitla
22,Querétaro,009,Jalpan de Serra
23,Quintana Roo,009,Tulum
24,San Luis Potosí,009,Cerro de San Pedro
25,Sinaloa,009,Escuinapa
26,Sonora,009,Bacanora
27,Tabasco,009,Jalapa
28,Tamaulipas,009,Ciudad Madero
29,Tlaxcala,009,Cuaxomulco
30,Veracruz de Ignacio de la Llave,009,Alto Lucero de Gutiérrez Barrios
31,Yucatán,009,Cansahcab
32,Zacatecas,009,Chalchihuites
01,Aguascalientes,010,El Llano
04,Campeche,010,Calakmul
05,Coahuila de Zaragoza,010,Frontera
06,Colima,010,Villa de Álvarez
07,Chiapas,010,Bejucal de Ocampo
08,Chihuahua,010,Buenaventura
09,Distrito Federal,010,Álvaro Obregón
10,Durango,010,Hidalgo
11,Guanajuato,010,Coroneo
12,Guerrero,010,Atlixtac
13,Hidalgo,010,Atitalaquia
14,Jalisco,010,Atemajac de Brizuela
15,México,010,Apaxco
16,Michoacán de Ocampo,010,Arteaga
17,Morelos,010,Jantetelco
18,Nayarit,010,Rosamorada
19,Nuevo León,010,El Carmen
20,Oaxaca,010,El Barrio de la Soledad
21,Puebla,010,Ajalpan
22,Querétaro,010,Landa de Matamoros
23,Quintana Roo,010,Bacalar
24,San Luis Potosí,010,Ciudad del Maíz
25,Sinaloa,010,El Fuerte
26,Sonora,010,Bacerac
27,Tabasco,010,Jalpa de Méndez
28,Tamaulipas,010,Cruillas
29,Tlaxcala,010,Chiautempan
30,Veracruz de Ignacio de la Llave,010,Altotonga
31,Yucatán,010,Cantamayec
32,Zacatecas,010,Fresnillo
01,Aguascalientes,011,San Francisco de los Romo
04,Campeche,011,Candelaria
05,Coahuila de Zaragoza,011,General Cepeda
07,Chiapas,011,Bella Vista
08,Chihuahua,011,Camargo
09,Distrito Federal,011,Tláhuac
10,Durango,011,Indé
11,Guanajuato,011,Cortazar
12,Guerrero,011,Atoyac de Álvarez
13,Hidalgo,011,Atlapexco
14,Jalisco,011,Atengo
15,México,011,Atenco
16,Michoacán de Ocampo,011,Briseñas
17,Morelos,011,Jiutepec
18,Nayarit,011,Ruíz
19,Nuevo León,011,Cerralvo
20,Oaxaca,011,Calihualá
21,Puebla,011,Albino Zertuche
22,Querétaro,011,El Marqués
24,San Luis Potosí,011,Ciudad Fernández
25,Sinaloa,011,Guasave
26,Sonora,011,Bacoachi
27,Tabasco,011,Jonuta
28,Tamaulipas,011,Gómez Farías
29,Tlaxcala,011,Muñoz de Domingo Arenas
30,Veracruz de Ignacio de la Llave,011,Alvarado
31,Yucatán,011,Celestún
32,Zacatecas,011,Trinidad García de la Cadena
05,Coahuila de Zaragoza,012,Guerrero
07,Chiapas,012,Berriozábal
08,Chihuahua,012,Carichí
09,Distrito Federal,012,Tlalpan
10,Durango,012,Lerdo
11,Guanajuato,012,Cuerámaro
12,Guerrero,012,Ayutla de los Libres
13,Hidalgo,012,Atotonilco el Grande
14,Jalisco,012,Atenguillo
15,México,012,Atizapán
16,Michoacán de Ocampo,012,Buenavista
17,Morelos,012,Jojutla
18,Nayarit,012,San Blas
19,Nuevo León,012,Ciénega de Flores
20,Oaxaca,012,Candelaria Loxicha
21,Puebla,012,Aljojuca
22,Querétaro,012,Pedro Escobedo
24,San Luis Potosí,012,Tancanhuitz
25,Sinaloa,012,Mazatlán
26,Sonora,012,Bácum
27,Tabasco,012,Macuspana
28,Tamaulipas,012,González
29,Tlaxcala,012,Españita
30,Veracruz de Ignacio de la Llave,012,Amatitlán
31,Yucatán,012,Cenotillo
32,Zacatecas,012,Genaro Codina
05,Coahuila de Zaragoza,013,Hidalgo
07,Chiapas,013,Bochil
08,Chihuahua,013,Casas Grandes
09,Distrito Federal,013,Xochimilco
10,Durango,013,Mapimí
11,Guanajuato,013,Doctor Mora
12,Guerrero,013,Azoyú
13,Hidalgo,013,Atotonilco de Tula
14,Jalisco,013,Atotonilco el Alto
15,México,013,Atizapán de Zaragoza
16,Michoacán de Ocampo,013,Carácuaro
17,Morelos,013,Jonacatepec
18,Nayarit,013,San Pedro Lagunillas
19,Nuevo León,013,China
20,Oaxaca,013,Ciénega de Zimatlán
21,Puebla,013,Altepexi
22,Querétaro,013,Peñamiller
24,San Luis Potosí,013,Ciudad Valles
25,Sinaloa,013,Mocorito
26,Sonora,013,Banámichi
27,Tabasco,013,Nacajuca
28,Tamaulipas,013,Güémez
29,Tlaxcala,013,Huamantla
30,Veracruz de Ignacio de la Llave,013,Naranjos Amatlán
31,Yucatán,013,Conkal
32,Zacatecas,013,General Enrique Estrada
05,Coahuila de Zaragoza,014,Jiménez
07,Chiapas,014,El Bosque
08,Chihuahua,014,Coronado
09,Distrito Federal,014,Benito Juárez
10,Durango,014,Mezquital
11,Guanajuato,014,Dolores Hidalgo Cuna de la Independencia Nacional
12,Guerrero,014,Benito Juárez
13,Hidalgo,014,Calnali
14,Jalisco,014,Atoyac
15,México,014,Atlacomulco
16,Michoacán de Ocampo,014,Coahuayana
17,Morelos,014,Mazatepec
18,Nayarit,014,Santa María del Oro
19,Nuevo León,014,Doctor Arroyo
20,Oaxaca,014,Ciudad Ixtepec
21,Puebla,014,Amixtlán
22,Querétaro,014,Querétaro
24,San Luis Potosí,014,Coxcatlán
25,Sinaloa,014,Rosario
26,Sonora,014,Baviácora
27,Tabasco,014,Paraíso
28,Tamaulipas,014,Guerrero
29,Tlaxcala,014,Hueyotlipan
30,Veracruz de Ignacio de la Llave,014,Amatlán de los Reyes
31,Yucatán,014,Cuncunul
32,Zacatecas,014,General Francisco R. Murguía
05,Coahuila de Zaragoza,015,Juárez
07,Chiapas,015,Cacahoatán
08,Chihuahua,015,Coyame del Sotol
09,Distrito Federal,015,Cuauhtémoc
10,Durango,015,Nazas
11,Guanajuato,015,Guanajuato
12,Guerrero,015,Buenavista de Cuéllar
13,Hidalgo,015,Cardonal
14,Jalisco,015,Autlán de Navarro
15,México,015,Atlautla
16,Michoacán de Ocampo,015,Coalcomán de Vázquez Pallares
17,Morelos,015,Miacatlán
18,Nayarit,015,Santiago Ixcuintla
19,Nuevo León,015,Doctor Coss
20,Oaxaca,015,Coatecas Altas
21,Puebla,015,Amozoc
22,Querétaro,015,San Joaquín
24,San Luis Potosí,015,Charcas
25,Sinaloa,015,Salvador Alvarado
26,Sonora,015,Bavispe
27,Tabasco,015,Tacotalpa
28,Tamaulipas,015,Gustavo Díaz Ordaz
29,Tlaxcala,015,Ixtacuixtla de Mariano Matamoros
30,Veracruz de Ignacio de la Llave,015,Angel R. Cabada
31,Yucatán,015,Cuzamá
32,Zacatecas,015,El Plateado de Joaquín Amaro
05,Coahuila de Zaragoza,016,Lamadrid
07,Chiapas,016,Catazajá
08,Chihuahua,016,La Cruz
09,Distrito Federal,016,Miguel Hidalgo
10,Durango,016,Nombre de Dios
11,Guanajuato,016,Huanímaro
12,Guerrero,016,Coahuayutla de José María Izazaga
13,Hidalgo,016,Cuautepec de Hinojosa
14,Jalisco,016,Ayotlán
15,México,016,Axapusco
16,Michoacán de Ocampo,016,Coeneo
17,Morelos,016,Ocuituco
18,Nayarit,016,Tecuala
19,Nuevo León,016,Doctor González
20,Oaxaca,016,Coicoyán de las Flores
21,Puebla,016,Aquixtla
22,Querétaro,016,San Juan del Río
24,San Luis Potosí,016,Ebano
25,Sinaloa,016,San Ignacio
26,Sonora,016,Benjamín Hill
27,Tabasco,016,Teapa
28,Tamaulipas,016,Hidalgo
29,Tlaxcala,016,Ixtenco
30,Veracruz de Ignacio de la Llave,016,La Antigua
31,Yucatán,016,Chacsinkín
32,Zacatecas,016,General Pánfilo Natera
05,Coahuila de Zaragoza,017,Matamoros
07,Chiapas,017,Cintalapa
08,Chihuahua,017,Cuauhtémoc
09,Distrito Federal,017,Venustiano Carranza
10,Durango,017,Ocampo
11,Guanajuato,017,Irapuato
12,Guerrero,017,Cocula
13,Hidalgo,017,Chapantongo
14,Jalisco,017,Ayutla
15,México,017,Ayapango
16,Michoacán de Ocampo,017,Contepec
17,Morelos,017,Puente de Ixtla
18,Nayarit,017,Tepic
19,Nuevo León,017,Galeana
20,Oaxaca,017,La Compañía
21,Puebla,017,Atempan
22,Querétaro,017,Tequisquiapan
24,San Luis Potosí,017,Guadalcázar
25,Sinaloa,017,Sinaloa
26,Sonora,017,Caborca
27,Tabasco,017,Tenosique
28,Tamaulipas,017,Jaumave
29,Tlaxcala,017,Mazatecochco de José María Morelos
30,Veracruz de Ignacio de la Llave,017,Apazapan
31,Yucatán,017,Chankom
32,Zacatecas,017,Guadalupe
05,Coahuila de Zaragoza,018,Monclova
07,Chiapas,018,Coapilla
08,Chihuahua,018,Cusihuiriachi
10,Durango,018,El Oro
11,Guanajuato,018,Jaral del Progreso
12,Guerrero,018,Copala
13,Hidalgo,018,Chapulhuacán
14,Jalisco,018,La Barca
15,México,018,Calimaya
16,Michoacán de Ocampo,018,Copándaro
17,Morelos,018,Temixco
18,Nayarit,018,Tuxpan
19,Nuevo León,018,García
20,Oaxaca,018,Concepción Buenavista
21,Puebla,018,Atexcal
22,Querétaro,018,Tolimán
24,San Luis Potosí,018,Huehuetlán
25,Sinaloa,018,Navolato
26,Sonora,018,Cajeme
28,Tamaulipas,018,Jiménez
29,Tlaxcala,018,Contla de Juan Cuamatzi
30,Veracruz de Ignacio de la Llave,018,Aquila
31,Yucatán,018,Chapab
32,Zacatecas,018,Huanusco
05,Coahuila de Zaragoza,019,Morelos
07,Chiapas,019,Comitán de Domínguez
08,Chihuahua,019,Chihuahua
10,Durango,019,Otáez
11,Guanajuato,019,Jerécuaro
12,Guerrero,019,Copalillo
13,Hidalgo,019,Chilcuautla
14,Jalisco,019,Bolaños
15,México,019,Capulhuac
16,Michoacán de Ocampo,019,Cotija
17,Morelos,019,Tepalcingo
18,Nayarit,019,La Yesca
19,Nuevo León,019,San Pedro Garza García
20,Oaxaca,019,Concepción Pápalo
21,Puebla,019,Atlixco
24,San Luis Potosí,019,Lagunillas
26,Sonora,019,Cananea
28,Tamaulipas,019,Llera
29,Tlaxcala,019,Tepetitla de Lardizábal
30,Veracruz de Ignacio de la Llave,019,Astacinga
31,Yucatán,019,Chemax
32,Zacatecas,019,Jalpa
05,Coahuila de Zaragoza,020,Múzquiz
07,Chiapas,020,La Concordia
08,Chihuahua,020,Chínipas
10,Durango,020,Pánuco de Coronado
11,Guanajuato,020,León
12,Guerrero,020,Copanatoyac
13,Hidalgo,020,Eloxochitlán
14,Jalisco,020,Cabo Corrientes
15,México,020,Coacalco de Berriozábal
16,Michoacán de Ocampo,020,Cuitzeo
17,Morelos,020,Tepoztlán
18,Nayarit,020,Bahía de Banderas
19,Nuevo León,020,General Bravo
20,Oaxaca,020,Constancia del Rosario
21,Puebla,020,Atoyatempan
24,San Luis Potosí,020,Matehuala
26,Sonora,020,Carbó
28,Tamaulipas,020,Mainero
29,Tlaxcala,020,Sanctórum de Lázaro Cárdenas
30,Veracruz de Ignacio de la Llave,020,Atlahuilco
31,Yucatán,020,Chicxulub Pueblo
32,Zacatecas,020,Jerez
05,Coahuila de Zaragoza,021,Nadadores
07,Chiapas,021,Copainalá
08,Chihuahua,021,Delicias
10,Durango,021,Peñón Blanco
11,Guanajuato,021,Moroleón
12,Guerrero,021,Coyuca de Benítez
13,Hidalgo,021,Emiliano Zapata
14,Jalisco,021,Casimiro Castillo
15,México,021,Coatepec Harinas
16,Michoacán de Ocampo,021,Charapan
17,Morelos,021,Tetecala
19,Nuevo León,021,General Escobedo
20,Oaxaca,021,Cosolapa
21,Puebla,021,Atzala
24,San Luis Potosí,021,Mexquitic de Carmona
26,Sonora,021,La Colorada
28,Tamaulipas,021,El Mante
29,Tlaxcala,021,Nanacamilpa de Mariano Arista
30,Veracruz de Ignacio de la Llave,021,Atoyac
31,Yucatán,021,Chichimilá
32,Zacatecas,021,Jiménez del Teul
05,Coahuila de Zaragoza,022,Nava
07,Chiapas,022,Chalchihuitán
08,Chihuahua,022,Dr. Belisario Domínguez
10,Durango,022,Poanas
11,Guanajuato,022,Ocampo
12,Guerrero,022,Coyuca de Catalán
13,Hidalgo,022,Epazoyucan
14,Jalisco,022,Cihuatlán
15,México,022,Cocotitlán
16,Michoacán de Ocampo,022,Charo
17,Morelos,022,Tetela del Volcán
19,Nuevo León,022,General Terán
20,Oaxaca,022,Cosoltepec
21,Puebla,022,Atzitzihuacán
24,San Luis Potosí,022,Moctezuma
26,Sonora,022,Cucurpe
28,Tamaulipas,022,Matamoros
29,Tlaxcala,022,Acuamanala de Miguel Hidalgo
30,Veracruz de Ignacio de la Llave,022,Atzacan
31,Yucatán,022,Chikindzonot
32,Zacatecas,022,Juan Aldama
05,Coahuila de Zaragoza,023,Ocampo
07,Chiapas,023,Chamula
08,Chihuahua,023,Galeana
10,Durango,023,Pueblo Nuevo
11,Guanajuato,023,Pénjamo
12,Guerrero,023,Cuajinicuilapa
13,Hidalgo,023,Francisco I. Madero
14,Jalisco,023,Zapotlán el Grande
15,México,023,Coyotepec
16,Michoacán de Ocampo,023,Chavinda
17,Morelos,023,Tlalnepantla
19,Nuevo León,023,General Treviño
20,Oaxaca,023,Cuilápam de Guerrero
21,Puebla,023,Atzitzintla
24,San Luis Potosí,023,Rayón
26,Sonora,023,Cumpas
28,Tamaulipas,023,Méndez
29,Tlaxcala,023,Natívitas
30,Veracruz de Ignacio de la Llave,023,Atzalan
31,Yucatán,023,Chocholá
32,Zacatecas,023,Juchipila
05,Coahuila de Zaragoza,024,Parras
07,Chiapas,024,Chanal
08,Chihuahua,024,Santa Isabel
10,Durango,024,Rodeo
11,Guanajuato,024,Pueblo Nuevo
12,Guerrero,024,Cualác
13,Hidalgo,024,Huasca de Ocampo
14,Jalisco,024,Cocula
15,México,024,Cuautitlán
16,Michoacán de Ocampo,024,Cherán
17,Morelos,024,Tlaltizapán de Zapata
19,Nuevo León,024,General Zaragoza
20,Oaxaca,024,Cuyamecalco Villa de Zaragoza
21,Puebla,024,Axutla
24,San Luis Potosí,024,Rioverde
26,Sonora,024,Divisaderos
28,Tamaulipas,024,Mier
29,Tlaxcala,024,Panotla
30,Veracruz de Ignacio de la Llave,024,Tlaltetela
31,Yucatán,024,Chumayel
32,Zacatecas,024,Loreto
05,Coahuila de Zaragoza,025,Piedras Negras
07,Chiapas,025,Chapultenango
08,Chihuahua,025,Gómez Farías
10,Durango,025,San Bernardo
11,Guanajuato,025,Purísima del Rincón
12,Guerrero,025,Cuautepec
13,Hidalgo,025,Huautla
14,Jalisco,025,Colotlán
15,México,025,Chalco
16,Michoacán de Ocampo,025,Chilchota
17,Morelos,025,Tlaquiltenango
19,Nuevo León,025,General Zuazua
20,Oaxaca,025,Chahuites
21,Puebla,025,Ayotoxco de Guerrero
24,San Luis Potosí,025,Salinas
26,Sonora,025,Empalme
28,Tamaulipas,025,Miguel Alemán
29,Tlaxcala,025,San Pablo del Monte
30,Veracruz de Ignacio de la Llave,025,Ayahualulco
31,Yucatán,025,Dzán
32,Zacatecas,025,Luis Moya
05,Coahuila de Zaragoza,026,Progreso
07,Chiapas,026,Chenalhó
08,Chihuahua,026,Gran Morelos
10,Durango,026,San Dimas
11,Guanajuato,026,Romita
12,Guerrero,026,Cuetzala del Progreso
13,Hidalgo,026,Huazalingo
14,Jalisco,026,Concepción de Buenos Aires
15,México,026,Chapa de Mota
16,Michoacán de Ocampo,026,Chinicuila
17,Morelos,026,Tlayacapan
19,Nuevo León,026,Guadalupe
20,Oaxaca,026,Chalcatongo de Hidalgo
21,Puebla,026,Calpan
24,San Luis Potosí,026,San Antonio
26,Sonora,026,Etchojoa
28,Tamaulipas,026,Miquihuana
29,Tlaxcala,026,Santa Cruz Tlaxcala
30,Veracruz de Ignacio de la Llave,026,Banderilla
31,Yucatán,026,Dzemul
32,Zacatecas,026,Mazapil
05,Coahuila de Zaragoza,027,Ramos Arizpe
07,Chiapas,027,Chiapa de Corzo
08,Chihuahua,027,Guachochi
10,Durango,027,San Juan de Guadalupe
11,Guanajuato,027,Salamanca
12,Guerrero,027,Cutzamala de Pinzón
13,Hidalgo,027,Huehuetla
14,Jalisco,027,Cuautitlán de García Barragán
15,México,027,Chapultepec
16,Michoacán de Ocampo,027,Chucándiro
17,Morelos,027,Totolapan
19,Nuevo León,027,Los Herreras
20,Oaxaca,027,Chiquihuitlán de Benito Juárez
21,Puebla,027,Caltepec
24,San Luis Potosí,027,San Ciro de Acosta
26,Sonora,027,Fronteras
28,Tamaulipas,027,Nuevo Laredo
29,Tlaxcala,027,Tenancingo
30,Veracruz de Ignacio de la Llave,027,Benito Juárez
31,Yucatán,027,Dzidzantún
32,Zacatecas,027,Melchor Ocampo
05,Coahuila de Zaragoza,028,Sabinas
07,Chiapas,028,Chiapilla
08,Chihuahua,028,Guadalupe
10,Durango,028,San Juan del Río
11,Guanajuato,028,Salvatierra
12,Guerrero,028,Chilapa de Álvarez
13,Hidalgo,028,Huejutla de Reyes
14,Jalisco,028,Cuautla
15,México,028,Chiautla
16,Michoacán de Ocampo,028,Churintzio
17,Morelos,028,Xochitepec
19,Nuevo León,028,Higueras
20,Oaxaca,028,Heroica Ciudad de Ejutla de Crespo
21,Puebla,028,Camocuautla
24,San Luis Potosí,028,San Luis Potosí
26,Sonora,028,Granados
28,Tamaulipas,028,Nuevo Morelos
29,Tlaxcala,028,Teolocholco
30,Veracruz de Ignacio de la Llave,028,Boca del Río
31,Yucatán,028,Dzilam de Bravo
32,Zacatecas,028,Mezquital del Oro
05,Coahuila de Zaragoza,029,Sacramento
07,Chiapas,029,Chicoasén
08,Chihuahua,029,Guadalupe y Calvo
10,Durango,029,San Luis del Cordero
11,Guanajuato,029,San Diego de la Unión
12,Guerrero,029,Chilpancingo de los Bravo
13,Hidalgo,029,Huichapan
14,Jalisco,029,Cuquío
15,México,029,Chicoloapan
16,Michoacán de Ocampo,029,Churumuco
17,Morelos,029,Yautepec
19,Nuevo León,029,Hualahuises
20,Oaxaca,029,Eloxochitlán de Flores Magón
21,Puebla,029,Caxhuacan
24,San Luis Potosí,029,San Martín Chalchicuautla
26,Sonora,029,Guaymas
28,Tamaulipas,029,Ocampo
29,Tlaxcala,029,Tepeyanco
30,Veracruz de Ignacio de la Llave,029,Calcahualco
31,Yucatán,029,Dzilam González
32,Zacatecas,029,Miguel Auza
05,Coahuila de Zaragoza,030,Saltillo
07,Chiapas,030,Chicomuselo
08,Chihuahua,030,Guazapares
10,Durango,030,San Pedro del Gallo
11,Guanajuato,030,San Felipe
12,Guerrero,030,Florencio Villarreal
13,Hidalgo,030,Ixmiquilpan
14,Jalisco,030,Chapala
15,México,030,Chiconcuac
16,Michoacán de Ocampo,030,Ecuandureo
17,Morelos,030,Yecapixtla
19,Nuevo León,030,Iturbide
20,Oaxaca,030,El Espinal
21,Puebla,030,Coatepec
24,San Luis Potosí,030,San Nicolás Tolentino
26,Sonora,030,Hermosillo
28,Tamaulipas,030,Padilla
29,Tlaxcala,030,Terrenate
30,Veracruz de Ignacio de la Llave,030,Camerino Z. Mendoza
31,Yucatán,030,Dzitás
32,Zacatecas,030,Momax
05,Coahuila de Zaragoza,031,San Buenaventura
07,Chiapas,031,Chilón
08,Chihuahua,031,Guerrero
10,Durango,031,Santa Clara
11,Guanajuato,031,San Francisco del Rincón
12,Guerrero,031,General Canuto A. Neri
13,Hidalgo,031,Jacala de Ledezma
14,Jalisco,031,Chimaltitán
15,México,031,Chimalhuacán
16,Michoacán de Ocampo,031,Epitacio Huerta
17,Morelos,031,Zacatepec
19,Nuevo León,031,Juárez
20,Oaxaca,031,Tamazulápam del Espíritu Santo
21,Puebla,031,Coatzingo
24,San Luis Potosí,031,Santa Catarina
26,Sonora,031,Huachinera
28,Tamaulipas,031,Palmillas
29,Tlaxcala,031,Tetla de la Solidaridad
30,Veracruz de Ignacio de la Llave,031,Carrillo Puerto
31,Yucatán,031,Dzoncauich
32,Zacatecas,031,Monte Escobedo
05,Coahuila de Zaragoza,032,San Juan de Sabinas
07,Chiapas,032,Escuintla
08,Chihuahua,032,Hidalgo del Parral
10,Durango,032,Santiago Papasquiaro
11,Guanajuato,032,San José Iturbide
12,Guerrero,032,General Heliodoro Castillo
13,Hidalgo,032,Jaltocán
14,Jalisco,032,Chiquilistlán
15,México,032,Donato Guerra
16,Michoacán de Ocampo,032,Erongarícuaro
17,Morelos,032,Zacualpan
19,Nuevo León,032,Lampazos de Naranjo
20,Oaxaca,032,Fresnillo de Trujano
21,Puebla,032,Cohetzala
24,San Luis Potosí,032,Santa María del Río
26,Sonora,032,Huásabas
28,Tamaulipas,032,Reynosa
29,Tlaxcala,032,Tetlatlahuca
30,Veracruz de Ignacio de la Llave,032,Catemaco
31,Yucatán,032,Espita
32,Zacatecas,032,Morelos
05,Coahuila de Zaragoza,033,San Pedro
07,Chiapas,033,Francisco León
08,Chihuahua,033,Huejotitán
10,Durango,033,Súchil
11,Guanajuato,033,San Luis de la Paz
12,Guerrero,033,Huamuxtitlán
13,Hidalgo,033,Juárez Hidalgo
14,Jalisco,033,Degollado
15,México,033,Ecatepec de Morelos
16,Michoacán de Ocampo,033,Gabriel Zamora
17,Morelos,033,Temoac
19,Nuevo León,033,Linares
20,Oaxaca,033,Guadalupe Etla
21,Puebla,033,Cohuecan
24,San Luis Potosí,033,Santo Domingo
26,Sonora,033,Huatabampo
28,Tamaulipas,033,Río Bravo
29,Tlaxcala,033,Tlaxcala
30,Veracruz de Ignacio de la Llave,033,Cazones de Herrera
31,Yucatán,033,Halachó
32,Zacatecas,033,Moyahua de Estrada
05,Coahuila de Zaragoza,034,Sierra Mojada
07,Chiapas,034,Frontera Comalapa
08,Chihuahua,034,Ignacio Zaragoza
10,Durango,034,Tamazula
11,Guanajuato,034,Santa Catarina
12,Guerrero,034,Huitzuco de los Figueroa
13,Hidalgo,034,Lolotla
14,Jalisco,034,Ejutla
15,México,034,Ecatzingo
16,Michoacán de Ocampo,034,Hidalgo
19,Nuevo León,034,Marín
20,Oaxaca,034,Guadalupe de Ramírez
21,Puebla,034,Coronango
24,San Luis Potosí,034,San Vicente Tancuayalab
26,Sonora,034,Huépac
28,Tamaulipas,034,San Carlos
29,Tlaxcala,034,Tlaxco
30,Veracruz de Ignacio de la Llave,034,Cerro Azul
31,Yucatán,034,Hocabá
32,Zacatecas,034,Nochistlán de Mejía
05,Coahuila de Zaragoza,035,Torreón
07,Chiapas,035,Frontera Hidalgo
08,Chihuahua,035,Janos
10,Durango,035,Tepehuanes
11,Guanajuato,035,Santa Cruz de Juventino Rosas
12,Guerrero,035,Iguala de la Independencia
13,Hidalgo,035,Metepec
14,Jalisco,035,Encarnación de Díaz
15,México,035,Huehuetoca
16,Michoacán de Ocampo,035,La Huacana
19,Nuevo León,035,Melchor Ocampo
20,Oaxaca,035,Guelatao de Juárez
21,Puebla,035,Coxcatlán
24,San Luis Potosí,035,Soledad de Graciano Sánchez
26,Sonora,035,Imuris
28,Tamaulipas,035,San Fernando
29,Tlaxcala,035,Tocatlán
30,Veracruz de Ignacio de la Llave,035,Citlaltépetl
31,Yucatán,035,Hoctún
32,Zacatecas,035,Noria de Ángeles
05,Coahuila de Zaragoza,036,Viesca
07,Chiapas,036,La Grandeza
08,Chihuahua,036,Jiménez
10,Durango,036,Tlahualilo
11,Guanajuato,036,Santiago Maravatío
12,Guerrero,036,Igualapa
13,Hidalgo,036,San Agustín Metzquititlán
14,Jalisco,036,Etzatlán
15,México,036,Hueypoxtla
16,Michoacán de Ocampo,036,Huandacareo
19,Nuevo León,036,Mier y Noriega
20,Oaxaca,036,Guevea de Humboldt
21,Puebla,036,Coyomeapan
24,San Luis Potosí,036,Tamasopo
26,Sonora,036,Magdalena
28,Tamaulipas,036,San Nicolás
29,Tlaxcala,036,Totolac
30,Veracruz de Ignacio de la Llave,036,Coacoatzintla
31,Yucatán,036,Homún
32,Zacatecas,036,Ojocaliente
05,Coahuila de Zaragoza,037,Villa Unión
07,Chiapas,037,Huehuetán
08,Chihuahua,037,Juárez
10,Durango,037,Topia
11,Guanajuato,037,Silao
12,Guerrero,037,Ixcateopan de Cuauhtémoc
13,Hidalgo,037,Metztitlán
14,Jalisco,037,El Grullo
15,México,037,Huixquilucan
16,Michoacán de Ocampo,037,Huaniqueo
19,Nuevo León,037,Mina
20,Oaxaca,037,Mesones Hidalgo
21,Puebla,037,Coyotepec
24,San Luis Potosí,037,Tamazunchale
26,Sonora,037,Mazatán
28,Tamaulipas,037,Soto la Marina
29,Tlaxcala,037,Ziltlaltépec de Trinidad Sánchez Santos
30,Veracruz de Ignacio de la Llave,037,Coahuitlán
31,Yucatán,037,Huhí
32,Zacatecas,037,Pánuco
05,Coahuila de Zaragoza,038,Zaragoza
07,Chiapas,038,Huixtán
08,Chihuahua,038,Julimes
10,Durango,038,Vicente Guerrero
11,Guanajuato,038,Tarandacuao
12,Guerrero,038,Zihuatanejo de Azueta
13,Hidalgo,038,Mineral del Chico
14,Jalisco,038,Guachinango
15,México,038,Isidro Fabela
16,Michoacán de Ocampo,038,Huetamo
19,Nuevo León,038,Montemorelos
20,Oaxaca,038,Villa Hidalgo
21,Puebla,038,Cuapiaxtla de Madero
24,San Luis Potosí,038,Tampacán
26,Sonora,038,Moctezuma
28,Tamaulipas,038,Tampico
29,Tlaxcala,038,Tzompantepec
30,Veracruz de Ignacio de la Llave,038,Coatepec
31,Yucatán,038,Hunucmá
32,Zacatecas,038,Pinos
07,Chiapas,039,Huitiupán
08,Chihuahua,039,López
10,Durango,039,Nuevo Ideal
11,Guanajuato,039,Tarimoro
12,Guerrero,039,Juan R. Escudero
13,Hidalgo,039,Mineral del Monte
14,Jalisco,039,Guadalajara
15,México,039,Ixtapaluca
16,Michoacán de Ocampo,039,Huiramba
19,Nuevo León,039,Monterrey
20,Oaxaca,039,Heroica Ciudad de Huajuapan de León
21,Puebla,039,Cuautempan
24,San Luis Potosí,039,Tampamolón Corona
26,Sonora,039,Naco
28,Tamaulipas,039,Tula
29,Tlaxcala,039,Xaloztoc
30,Veracruz de Ignacio de la Llave,039,Coatzacoalcos
31,Yucatán,039,Ixil
32,Zacatecas,039,Río Grande
07,Chiapas,040,Huixtla
08,Chihuahua,040,Madera
11,Guanajuato,040,Tierra Blanca
12,Guerrero,040,Leonardo Bravo
13,Hidalgo,040,La Misión
14,Jalisco,040,Hostotipaquillo
15,México,040,Ixtapan de la Sal
16,Michoacán de Ocampo,040,Indaparapeo
19,Nuevo León,040,Parás
20,Oaxaca,040,Huautepec
21,Puebla,040,Cuautinchán
24,San Luis Potosí,040,Tamuín
26,Sonora,040,Nácori Chico
28,Tamaulipas,040,Valle Hermoso
29,Tlaxcala,040,Xaltocan
30,Veracruz de Ignacio de la Llave,040,Coatzintla
31,Yucatán,040,Izamal
32,Zacatecas,040,Sain Alto
07,Chiapas,041,La Independencia
08,Chihuahua,041,Maguarichi
11,Guanajuato,041,Uriangato
12,Guerrero,041,Malinaltepec
13,Hidalgo,041,Mixquiahuala de Juárez
14,Jalisco,041,Huejúcar
15,México,041,Ixtapan del Oro
16,Michoacán de Ocampo,041,Irimbo
19,Nuevo León,041,Pesquería
20,Oaxaca,041,Huautla de Jiménez
21,Puebla,041,Cuautlancingo
24,San Luis Potosí,041,Tanlajás
26,Sonora,041,Nacozari de García
28,Tamaulipas,041,Victoria
29,Tlaxcala,041,Papalotla de Xicohténcatl
30,Veracruz de Ignacio de la Llave,041,Coetzala
31,Yucatán,041,Kanasín
32,Zacatecas,041,El Salvador
07,Chiapas,042,Ixhuatán
08,Chihuahua,042,Manuel Benavides
11,Guanajuato,042,Valle de Santiago
12,Guerrero,042,Mártir de Cuilapan
13,Hidalgo,042,Molango de Escamilla
14,Jalisco,042,Huejuquilla el Alto
15,México,042,Ixtlahuaca
16,Michoacán de Ocampo,042,Ixtlán
19,Nuevo León,042,Los Ramones
20,Oaxaca,042,Ixtlán de Juárez
21,Puebla,042,Cuayuca de Andrade
24,San Luis Potosí,042,Tanquián de Escobedo
26,Sonora,042,Navojoa
28,Tamaulipas,042,Villagrán
29,Tlaxcala,042,Xicohtzinco
30,Veracruz de Ignacio de la Llave,042,Colipa
31,Yucatán,042,Kantunil
32,Zacatecas,042,Sombrerete
07,Chiapas,043,Ixtacomitán
08,Chihuahua,043,Matachí
11,Guanajuato,043,Victoria
12,Guerrero,043,Metlatónoc
13,Hidalgo,043,Nicolás Flores
14,Jalisco,043,La Huerta
15,México,043,Xalatlaco
16,Michoacán de Ocampo,043,Jacona
19,Nuevo León,043,Rayones
20,Oaxaca,043,Heroica Ciudad de Juchitán de Zaragoza
21,Puebla,043,Cuetzalan del Progreso
24,San Luis Potosí,043,Tierra Nueva
26,Sonora,043,Nogales
28,Tamaulipas,043,Xicoténcatl
29,Tlaxcala,043,Yauhquemehcan
30,Veracruz de Ignacio de la Llave,043,Comapa
31,Yucatán,043,Kaua
32,Zacatecas,043,Susticacán
07,Chiapas,044,Ixtapa
08,Chihuahua,044,Matamoros
11,Guanajuato,044,Villagrán
12,Guerrero,044,Mochitlán
13,Hidalgo,044,Nopala de Villagrán
14,Jalisco,044,Ixtlahuacán de los Membrillos
15,México,044,Jaltenco
16,Michoacán de Ocampo,044,Jiménez
19,Nuevo León,044,Sabinas Hidalgo
20,Oaxaca,044,Loma Bonita
21,Puebla,044,Cuyoaco
24,San Luis Potosí,044,Vanegas
26,Sonora,044,Onavas
29,Tlaxcala,044,Zacatelco
30,Veracruz de Ignacio de la Llave,044,Córdoba
31,Yucatán,044,Kinchil
32,Zacatecas,044,Tabasco
07,Chiapas,045,Ixtapangajoya
08,Chihuahua,045,Meoqui
11,Guanajuato,045,Xichú
12,Guerrero,045,Olinalá
13,Hidalgo,045,Omitlán de Juárez
14,Jalisco,045,Ixtlahuacán del Río
15,México,045,Jilotepec
16,Michoacán de Ocampo,045,Jiquilpan
19,Nuevo León,045,Salinas Victoria
20,Oaxaca,045,Magdalena Apasco
21,Puebla,045,Chalchicomula de Sesma
24,San Luis Potosí,045,Venado
26,Sonora,045,Opodepe
29,Tlaxcala,045,Benito Juárez
30,Veracruz de Ignacio de la Llave,045,Cosamaloapan de Carpio
31,Yucatán,045,Kopomá
32,Zacatecas,045,Tepechitlán
07,Chiapas,046,Jiquipilas
08,Chihuahua,046,Morelos
11,Guanajuato,046,Yuriria
12,Guerrero,046,Ometepec
13,Hidalgo,046,San Felipe Orizatlán
14,Jalisco,046,Jalostotitlán
15,México,046,Jilotzingo
16,Michoacán de Ocampo,046,Juárez
19,Nuevo León,046,San Nicolás de los Garza
20,Oaxaca,046,Magdalena Jaltepec
21,Puebla,046,Chapulco
24,San Luis Potosí,046,Villa de Arriaga
26,Sonora,046,Oquitoa
29,Tlaxcala,046,Emiliano Zapata
30,Veracruz de Ignacio de la Llave,046,Cosautlán de Carvajal
31,Yucatán,046,Mama
32,Zacatecas,046,Tepetongo
07,Chiapas,047,Jitotol
08,Chihuahua,047,Moris
12,Guerrero,047,Pedro Ascencio Alquisiras
13,Hidalgo,047,Pacula
14,Jalisco,047,Jamay
15,México,047,Jiquipilco
16,Michoacán de Ocampo,047,Jungapeo
19,Nuevo León,047,Hidalgo
20,Oaxaca,047,Santa Magdalena Jicotlán
21,Puebla,047,Chiautla
24,San Luis Potosí,047,Villa de Guadalupe
26,Sonora,047,Pitiquito
29,Tlaxcala,047,Lázaro Cárdenas
30,Veracruz de Ignacio de la Llave,047,Coscomatepec
31,Yucatán,047,Maní
32,Zacatecas,047,Teúl de González Ortega
07,Chiapas,048,Juárez
08,Chihuahua,048,Namiquipa
12,Guerrero,048,Petatlán
13,Hidalgo,048,Pachuca de Soto
14,Jalisco,048,Jesús María
15,México,048,Jocotitlán
16,Michoacán de Ocampo,048,Lagunillas
19,Nuevo León,048,Santa Catarina
20,Oaxaca,048,Magdalena Mixtepec
21,Puebla,048,Chiautzingo
24,San Luis Potosí,048,Villa de la Paz
26,Sonora,048,Puerto Peñasco
29,Tlaxcala,048,La Magdalena Tlaltelulco
30,Veracruz de Ignacio de la Llave,048,Cosoleacaque
31,Yucatán,048,Maxcanú
32,Zacatecas,048,Tlaltenango de Sánchez Román
07,Chiapas,049,Larráinzar
08,Chihuahua,049,Nonoava
12,Guerrero,049,Pilcaya
13,Hidalgo,049,Pisaflores
14,Jalisco,049,Jilotlán de los Dolores
15,México,049,Joquicingo
16,Michoacán de Ocampo,049,Madero
19,Nuevo León,049,Santiago
20,Oaxaca,049,Magdalena Ocotlán
21,Puebla,049,Chiconcuautla
24,San Luis Potosí,049,Villa de Ramos
26,Sonora,049,Quiriego
29,Tlaxcala,049,San Damián Texóloc
30,Veracruz de Ignacio de la Llave,049,Cotaxtla
31,Yucatán,049,Mayapán
32,Zacatecas,049,Valparaíso
07,Chiapas,050,La Libertad
08,Chihuahua,050,Nuevo Casas Grandes
12,Guerrero,050,Pungarabato
13,Hidalgo,050,Progreso de Obregón
14,Jalisco,050,Jocotepec
15,México,050,Juchitepec
16,Michoacán de Ocampo,050,Maravatío
19,Nuevo León,050,Vallecillo
20,Oaxaca,050,Magdalena Peñasco
21,Puebla,050,Chichiquila
24,San Luis Potosí,050,Villa de Reyes
26,Sonora,050,Rayón
29,Tlaxcala,050,San Francisco Tetlanohcan
30,Veracruz de Ignacio de la Llave,050,Coxquihui
31,Yucatán,050,Mérida
32,Zacatecas,050,Vetagrande
07,Chiapas,051,Mapastepec
08,Chihuahua,051,Ocampo
12,Guerrero,051,Quechultenango
13,Hidalgo,051,Mineral de la Reforma
14,Jalisco,051,Juanacatlán
15,México,051,Lerma
16,Michoacán de Ocampo,051,Marcos Castellanos
19,Nuevo León,051,Villaldama
20,Oaxaca,051,Magdalena Teitipac
21,Puebla,051,Chietla
24,San Luis Potosí,051,Villa Hidalgo
26,Sonora,051,Rosario
29,Tlaxcala,051,San Jerónimo Zacualpan
30,Veracruz de Ignacio de la Llave,051,Coyutla
31,Yucatán,051,Mocochá
32,Zacatecas,051,Villa de Cos
07,Chiapas,052,Las Margaritas
08,Chihuahua,052,Ojinaga
12,Guerrero,052,San Luis Acatlán
13,Hidalgo,052,San Agustín Tlaxiaca
14,Jalisco,052,Juchitlán
15,México,052,Malinalco
16,Michoacán de Ocampo,052,Lázaro Cárdenas
20,Oaxaca,052,Magdalena Tequisistlán
21,Puebla,052,Chigmecatitlán
24,San Luis Potosí,052,Villa Juárez
26,Sonora,052,Sahuaripa
29,Tlaxcala,052,San José Teacalco
30,Veracruz de Ignacio de la Llave,052,Cuichapa
31,Yucatán,052,Motul
32,Zacatecas,052,Villa García
07,Chiapas,053,Mazapa de Madero
08,Chihuahua,053,Praxedis G. Guerrero
12,Guerrero,053,San Marcos
13,Hidalgo,053,San Bartolo Tutotepec
14,Jalisco,053,Lagos de Moreno
15,México,053,Melchor Ocampo
16,Michoacán de Ocampo,053,Morelia
20,Oaxaca,053,Magdalena Tlacotepec
21,Puebla,053,Chignahuapan
24,San Luis Potosí,053,Axtla de Terrazas
26,Sonora,053,San Felipe de Jesús
29,Tlaxcala,053,San Juan Huactzinco
30,Veracruz de Ignacio de la Llave,053,Cuitláhuac
31,Yucatán,053,Muna
32,Zacatecas,053,Villa González Ortega
07,Chiapas,054,Mazatán
08,Chihuahua,054,Riva Palacio
12,Guerrero,054,San Miguel Totolapan
13,Hidalgo,054,San Salvador
14,Jalisco,054,El Limón
15,México,054,Metepec
16,Michoacán de Ocampo,054,Morelos
20,Oaxaca,054,Magdalena Zahuatlán
21,Puebla,054,Chignautla
24,San Luis Potosí,054,Xilitla
26,Sonora,054,San Javier
29,Tlaxcala,054,San Lorenzo Axocomanitla
30,Veracruz de Ignacio de la Llave,054,Chacaltianguis
31,Yucatán,054,Muxupip
32,Zacatecas,054,Villa Hidalgo
07,Chiapas,055,Metapa
08,Chihuahua,055,Rosales
12,Guerrero,055,Taxco de Alarcón
13,Hidalgo,055,Santiago de Anaya
14,Jalisco,055,Magdalena
15,México,055,Mexicaltzingo
16,Michoacán de Ocampo,055,Múgica
20,Oaxaca,055,Mariscala de Juárez
21,Puebla,055,Chila
24,San Luis Potosí,055,Zaragoza
26,Sonora,055,San Luis Río Colorado
29,Tlaxcala,055,San Lucas Tecopilco
30,Veracruz de Ignacio de la Llave,055,Chalma
31,Yucatán,055,Opichén
32,Zacatecas,055,Villanueva
07,Chiapas,056,Mitontic
08,Chihuahua,056,Rosario
12,Guerrero,056,Tecoanapa
13,Hidalgo,056,Santiago Tulantepec de Lugo Guerrero
14,Jalisco,056,Santa María del Oro
15,México,056,Morelos
16,Michoacán de Ocampo,056,Nahuatzen
20,Oaxaca,056,Mártires de Tacubaya
21,Puebla,056,Chila de la Sal
24,San Luis Potosí,056,Villa de Arista
26,Sonora,056,San Miguel de Horcasitas
29,Tlaxcala,056,Santa Ana Nopalucan
30,Veracruz de Ignacio de la Llave,056,Chiconamel
31,Yucatán,056,Oxkutzcab
32,Zacatecas,056,Zacatecas
07,Chiapas,057,Motozintla
08,Chihuahua,057,San Francisco de Borja
12,Guerrero,057,Técpan de Galeana
13,Hidalgo,057,Singuilucan
14,Jalisco,057,La Manzanilla de la Paz
15,México,057,Naucalpan de Juárez
16,Michoacán de Ocampo,057,Nocupétaro
20,Oaxaca,057,Matías Romero Avendaño
21,Puebla,057,Honey
24,San Luis Potosí,057,Matlapa
26,Sonora,057,San Pedro de la Cueva
29,Tlaxcala,057,Santa Apolonia Teacalco
30,Veracruz de Ignacio de la Llave,057,Chiconquiaco
31,Yucatán,057,Panabá
32,Zacatecas,057,Trancoso
07,Chiapas,058,Nicolás Ruíz
08,Chihuahua,058,San Francisco de Conchos
12,Guerrero,058,Teloloapan
13,Hidalgo,058,Tasquillo
14,Jalisco,058,Mascota
15,México,058,Nezahualcóyotl
16,Michoacán de Ocampo,058,Nuevo Parangaricutiro
20,Oaxaca,058,Mazatlán Villa de Flores
21,Puebla,058,Chilchotla
24,San Luis Potosí,058,El Naranjo
26,Sonora,058,Santa Ana
29,Tlaxcala,058,Santa Catarina Ayometla
30,Veracruz de Ignacio de la Llave,058,Chicontepec
31,Yucatán,058,Peto
32,Zacatecas,058,Santa María de la Paz
07,Chiapas,059,Ocosingo
08,Chihuahua,059,San Francisco del Oro
12,Guerrero,059,Tepecoacuilco de Trujano
13,Hidalgo,059,Tecozautla
14,Jalisco,059,Mazamitla
15,México,059,Nextlalpan
16,Michoacán de Ocampo,059,Nuevo Urecho
20,Oaxaca,059,Miahuatlán de Porfirio Díaz
21,Puebla,059,Chinantla
26,Sonora,059,Santa Cruz
29,Tlaxcala,059,Santa Cruz Quilehtla
30,Veracruz de Ignacio de la Llave,059,Chinameca
31,Yucatán,059,Progreso
07,Chiapas,060,Ocotepec
08,Chihuahua,060,Santa Bárbara
12,Guerrero,060,Tetipac
13,Hidalgo,060,Tenango de Doria
14,Jalisco,060,Mexticacán
15,México,060,Nicolás Romero
16,Michoacán de Ocampo,060,Numarán
20,Oaxaca,060,Mixistlán de la Reforma
21,Puebla,060,Domingo Arenas
26,Sonora,060,Sáric
29,Tlaxcala,060,Santa Isabel Xiloxoxtla
30,Veracruz de Ignacio de la Llave,060,Chinampa de Gorostiza
31,Yucatán,060,Quintana Roo
07,Chiapas,061,Ocozocoautla de Espinosa
08,Chihuahua,061,Satevó
12,Guerrero,061,Tixtla de Guerrero
13,Hidalgo,061,Tepeapulco
14,Jalisco,061,Mezquitic
15,México,061,Nopaltepec
16,Michoacán de Ocampo,061,Ocampo
20,Oaxaca,061,Monjas
21,Puebla,061,Eloxochitlán
26,Sonora,061,Soyopa
30,Veracruz de Ignacio de la Llave,061,Las Choapas
31,Yucatán,061,Río Lagartos
07,Chiapas,062,Ostuacán
08,Chihuahua,062,Saucillo
12,Guerrero,062,Tlacoachistlahuaca
13,Hidalgo,062,Tepehuacán de Guerrero
14,Jalisco,062,Mixtlán
15,México,062,Ocoyoacac
16,Michoacán de Ocampo,062,Pajacuarán
20,Oaxaca,062,Natividad
21,Puebla,062,Epatlán
26,Sonora,062,Suaqui Grande
30,Veracruz de Ignacio de la Llave,062,Chocamán
31,Yucatán,062,Sacalum
07,Chiapas,063,Osumacinta
08,Chihuahua,063,Temósachic
12,Guerrero,063,Tlacoapa
13,Hidalgo,063,Tepeji del Río de Ocampo
14,Jalisco,063,Ocotlán
15,México,063,Ocuilan
16,Michoacán de Ocampo,063,Panindícuaro
20,Oaxaca,063,Nazareno Etla
21,Puebla,063,Esperanza
26,Sonora,063,Tepache
30,Veracruz de Ignacio de la Llave,063,Chontla
31,Yucatán,063,Samahil
07,Chiapas,064,Oxchuc
08,Chihuahua,064,El Tule
12,Guerrero,064,Tlalchapa
13,Hidalgo,064,Tepetitlán
14,Jalisco,064,Ojuelos de Jalisco
15,México,064,El Oro
16,Michoacán de Ocampo,064,Parácuaro
20,Oaxaca,064,Nejapa de Madero
21,Puebla,064,Francisco Z. Mena
26,Sonora,064,Trincheras
30,Veracruz de Ignacio de la Llave,064,Chumatlán
31,Yucatán,064,Sanahcat
07,Chiapas,065,Palenque
08,Chihuahua,065,Urique
12,Guerrero,065,Tlalixtaquilla de Maldonado
13,Hidalgo,065,Tetepango
14,Jalisco,065,Pihuamo
15,México,065,Otumba
16,Michoacán de Ocampo,065,Paracho
20,Oaxaca,065,Ixpantepec Nieves
21,Puebla,065,General Felipe Ángeles
26,Sonora,065,Tubutama
30,Veracruz de Ignacio de la Llave,065,Emiliano Zapata
31,Yucatán,065,San Felipe
07,Chiapas,066,Pantelhó
08,Chihuahua,066,Uruachi
12,Guerrero,066,Tlapa de Comonfort
13,Hidalgo,066,Villa de Tezontepec
14,Jalisco,066,Poncitlán
15,México,066,Otzoloapan
16,Michoacán de Ocampo,066,Pátzcuaro
20,Oaxaca,066,Santiago Niltepec
21,Puebla,066,Guadalupe
26,Sonora,066,Ures
30,Veracruz de Ignacio de la Llave,066,Espinal
31,Yucatán,066,Santa Elena
07,Chiapas,067,Pantepec
08,Chihuahua,067,Valle de Zaragoza
12,Guerrero,067,Tlapehuala
13,Hidalgo,067,Tezontepec de Aldama
14,Jalisco,067,Puerto Vallarta
15,México,067,Otzolotepec
16,Michoacán de Ocampo,067,Penjamillo
20,Oaxaca,067,Oaxaca de Juárez
21,Puebla,067,Guadalupe Victoria
26,Sonora,067,Villa Hidalgo
30,Veracruz de Ignacio de la Llave,067,Filomeno Mata
31,Yucatán,067,Seyé
07,Chiapas,068,Pichucalco
12,Guerrero,068,La Unión de Isidoro Montes de Oca
13,Hidalgo,068,Tianguistengo
14,Jalisco,068,Villa Purificación
15,México,068,Ozumba
16,Michoacán de Ocampo,068,Peribán
20,Oaxaca,068,Ocotlán de Morelos
21,Puebla,068,Hermenegildo Galeana
26,Sonora,068,Villa Pesqueira
30,Veracruz de Ignacio de la Llave,068,Fortín
31,Yucatán,068,Sinanché
07,Chiapas,069,Pijijiapan
12,Guerrero,069,Xalpatláhuac
13,Hidalgo,069,Tizayuca
14,Jalisco,069,Quitupan
15,México,069,Papalotla
16,Michoacán de Ocampo,069,La Piedad
20,Oaxaca,069,La Pe
21,Puebla,069,Huaquechula
26,Sonora,069,Yécora
30,Veracruz de Ignacio de la Llave,069,Gutiérrez Zamora
31,Yucatán,069,Sotuta
07,Chiapas,070,El Porvenir
12,Guerrero,070,Xochihuehuetlán
13,Hidalgo,070,Tlahuelilpan
14,Jalisco,070,El Salto
15,México,070,La Paz
16,Michoacán de Ocampo,070,Purépero
20,Oaxaca,070,Pinotepa de Don Luis
21,Puebla,070,Huatlatlauca
26,Sonora,070,General Plutarco Elías Calles
30,Veracruz de Ignacio de la Llave,070,Hidalgotitlán
31,Yucatán,070,Sucilá
07,Chiapas,071,Villa Comaltitlán
12,Guerrero,071,Xochistlahuaca
13,Hidalgo,071,Tlahuiltepa
14,Jalisco,071,San Cristóbal de la Barranca
15,México,071,Polotitlán
16,Michoacán de Ocampo,071,Puruándiro
20,Oaxaca,071,Pluma Hidalgo
21,Puebla,071,Huauchinango
26,Sonora,071,Benito Juárez
30,Veracruz de Ignacio de la Llave,071,Huatusco
31,Yucatán,071,Sudzal
07,Chiapas,072,Pueblo Nuevo Solistahuacán
12,Guerrero,072,Zapotitlán Tablas
13,Hidalgo,072,Tlanalapa
14,Jalisco,072,San Diego de Alejandría
15,México,072,Rayón
16,Michoacán de Ocampo,072,Queréndaro
20,Oaxaca,072,San José del Progreso
21,Puebla,072,Huehuetla
26,Sonora,072,San Ignacio Río Muerto
30,Veracruz de Ignacio de la Llave,072,Huayacocotla
31,Yucatán,072,Suma
07,Chiapas,073,Rayón
12,Guerrero,073,Zirándaro
13,Hidalgo,073,Tlanchinol
14,Jalisco,073,San Juan de los Lagos
15,México,073,San Antonio la Isla
16,Michoacán de Ocampo,073,Quiroga
20,Oaxaca,073,Putla Villa de Guerrero
21,Puebla,073,Huehuetlán el Chico
30,Veracruz de Ignacio de la Llave,073,Hueyapan de Ocampo
31,Yucatán,073,Tahdziú
07,Chiapas,074,Reforma
12,Guerrero,074,Zitlala
13,Hidalgo,074,Tlaxcoapan
14,Jalisco,074,San Julián
15,México,074,San Felipe del Progreso
16,Michoacán de Ocampo,074,Cojumatlán de Régules
20,Oaxaca,074,Santa Catarina Quioquitani
21,Puebla,074,Huejotzingo
30,Veracruz de Ignacio de la Llave,074,Huiloapan de Cuauhtémoc
31,Yucatán,074,Tahmek
07,Chiapas,075,Las Rosas
12,Guerrero,075,Eduardo Neri
13,Hidalgo,075,Tolcayuca
14,Jalisco,075,San Marcos
15,México,075,San Martín de las Pirámides
16,Michoacán de Ocampo,075,Los Reyes
20,Oaxaca,075,Reforma de Pineda
21,Puebla,075,Hueyapan
30,Veracruz de Ignacio de la Llave,075,Ignacio de la Llave
31,Yucatán,075,Teabo
07,Chiapas,076,Sabanilla
12,Guerrero,076,Acatepec
13,Hidalgo,076,Tula de Allende
14,Jalisco,076,San Martín de Bolaños
15,México,076,San Mateo Atenco
16,Michoacán de Ocampo,076,Sahuayo
20,Oaxaca,076,La Reforma
21,Puebla,076,Hueytamalco
30,Veracruz de Ignacio de la Llave,076,Ilamatlán
31,Yucatán,076,Tecoh
07,Chiapas,077,Salto de Agua
12,Guerrero,077,Marquelia
13,Hidalgo,077,Tulancingo de Bravo
14,Jalisco,077,San Martín Hidalgo
15,México,077,San Simón de Guerrero
16,Michoacán de Ocampo,077,San Lucas
20,Oaxaca,077,Reyes Etla
21,Puebla,077,Hueytlalpan
30,Veracruz de Ignacio de la Llave,077,Isla
31,Yucatán,077,Tekal de Venegas
07,Chiapas,078,San Cristóbal de las Casas
12,Guerrero,078,Cochoapa el Grande
13,Hidalgo,078,Xochiatipan
14,Jalisco,078,San Miguel el Alto
15,México,078,Santo Tomás
16,Michoacán de Ocampo,078,Santa Ana Maya
20,Oaxaca,078,Rojas de Cuauhtémoc
21,Puebla,078,Huitzilan de Serdán
30,Veracruz de Ignacio de la Llave,078,Ixcatepec
31,Yucatán,078,Tekantó
07,Chiapas,079,San Fernando
12,Guerrero,079,José Joaquín de Herrera
13,Hidalgo,079,Xochicoatlán
14,Jalisco,079,Gómez Farías
15,México,079,Soyaniquilpan de Juárez
16,Michoacán de Ocampo,079,Salvador Escalante
20,Oaxaca,079,Salina Cruz
21,Puebla,079,Huitziltepec
30,Veracruz de Ignacio de la Llave,079,Ixhuacán de los Reyes
31,Yucatán,079,Tekax
07,Chiapas,080,Siltepec
12,Guerrero,080,Juchitán
13,Hidalgo,080,Yahualica
14,Jalisco,080,San Sebastián del Oeste
15,México,080,Sultepec
16,Michoacán de Ocampo,080,Senguio
20,Oaxaca,080,San Agustín Amatengo
21,Puebla,080,Atlequizayan
30,Veracruz de Ignacio de la Llave,080,Ixhuatlán del Café
31,Yucatán,080,Tekit
07,Chiapas,081,Simojovel
12,Guerrero,081,Iliatenco
13,Hidalgo,081,Zacualtipán de Ángeles
14,Jalisco,081,Santa María de los Ángeles
15,México,081,Tecámac
16,Michoacán de Ocampo,081,Susupuato
20,Oaxaca,081,San Agustín Atenango
21,Puebla,081,Ixcamilpa de Guerrero
30,Veracruz de Ignacio de la Llave,081,Ixhuatlancillo
31,Yucatán,081,Tekom
07,Chiapas,082,Sitalá
13,Hidalgo,082,Zapotlán de Juárez
14,Jalisco,082,Sayula
15,México,082,Tejupilco
16,Michoacán de Ocampo,082,Tacámbaro
20,Oaxaca,082,San Agustín Chayuco
21,Puebla,082,Ixcaquixtla
30,Veracruz de Ignacio de la Llave,082,Ixhuatlán del Sureste
31,Yucatán,082,Telchac Pueblo
07,Chiapas,083,Socoltenango
13,Hidalgo,083,Zempoala
14,Jalisco,083,Tala
15,México,083,Temamatla
16,Michoacán de Ocampo,083,Tancítaro
20,Oaxaca,083,San Agustín de las Juntas
21,Puebla,083,Ixtacamaxtitlán
30,Veracruz de Ignacio de la Llave,083,Ixhuatlán de Madero
31,Yucatán,083,Telchac Puerto
07,Chiapas,084,Solosuchiapa
13,Hidalgo,084,Zimapán
14,Jalisco,084,Talpa de Allende
15,México,084,Temascalapa
16,Michoacán de Ocampo,084,Tangamandapio
20,Oaxaca,084,San Agustín Etla
21,Puebla,084,Ixtepec
30,Veracruz de Ignacio de la Llave,084,Ixmatlahuacan
31,Yucatán,084,Temax
07,Chiapas,085,Soyaló
14,Jalisco,085,Tamazula de Gordiano
15,México,085,Temascalcingo
16,Michoacán de Ocampo,085,Tangancícuaro
20,Oaxaca,085,San Agustín Loxicha
21,Puebla,085,Izúcar de Matamoros
30,Veracruz de Ignacio de la Llave,085,Ixtaczoquitlán
31,Yucatán,085,Temozón
07,Chiapas,086,Suchiapa
14,Jalisco,086,Tapalpa
15,México,086,Temascaltepec
16,Michoacán de Ocampo,086,Tanhuato
20,Oaxaca,086,San Agustín Tlacotepec
21,Puebla,086,Jalpan
30,Veracruz de Ignacio de la Llave,086,Jalacingo
31,Yucatán,086,Tepakán
07,Chiapas,087,Suchiate
14,Jalisco,087,Tecalitlán
15,México,087,Temoaya
16,Michoacán de Ocampo,087,Taretan
20,Oaxaca,087,San Agustín Yatareni
21,Puebla,087,Jolalpan
30,Veracruz de Ignacio de la Llave,087,Xalapa
31,Yucatán,087,Tetiz
07,Chiapas,088,Sunuapa
14,Jalisco,088,Tecolotlán
15,México,088,Tenancingo
16,Michoacán de Ocampo,088,Tarímbaro
20,Oaxaca,088,San Andrés Cabecera Nueva
21,Puebla,088,Jonotla
30,Veracruz de Ignacio de la Llave,088,Jalcomulco
31,Yucatán,088,Teya
07,Chiapas,089,Tapachula
14,Jalisco,089,Techaluta de Montenegro
15,México,089,Tenango del Aire
16,Michoacán de Ocampo,089,Tepalcatepec
20,Oaxaca,089,San Andrés Dinicuiti
21,Puebla,089,Jopala
30,Veracruz de Ignacio de la Llave,089,Jáltipan
31,Yucatán,089,Ticul
07,Chiapas,090,Tapalapa
14,Jalisco,090,Tenamaxtlán
15,México,090,Tenango del Valle
16,Michoacán de Ocampo,090,Tingambato
20,Oaxaca,090,San Andrés Huaxpaltepec
21,Puebla,090,Juan C. Bonilla
30,Veracruz de Ignacio de la Llave,090,Jamapa
31,Yucatán,090,Timucuy
07,Chiapas,091,Tapilula
14,Jalisco,091,Teocaltiche
15,México,091,Teoloyucan
16,Michoacán de Ocampo,091,Tingüindín
20,Oaxaca,091,San Andrés Huayápam
21,Puebla,091,Juan Galindo
30,Veracruz de Ignacio de la Llave,091,Jesús Carranza
31,Yucatán,091,Tinum
07,Chiapas,092,Tecpatán
14,Jalisco,092,Teocuitatlán de Corona
15,México,092,Teotihuacán
16,Michoacán de Ocampo,092,Tiquicheo de Nicolás Romero
20,Oaxaca,092,San Andrés Ixtlahuaca
21,Puebla,092,Juan N. Méndez
30,Veracruz de Ignacio de la Llave,092,Xico
31,Yucatán,092,Tixcacalcupul
07,Chiapas,093,Tenejapa
14,Jalisco,093,Tepatitlán de Morelos
15,México,093,Tepetlaoxtoc
16,Michoacán de Ocampo,093,Tlalpujahua
20,Oaxaca,093,San Andrés Lagunas
21,Puebla,093,Lafragua
30,Veracruz de Ignacio de la Llave,093,Jilotepec
31,Yucatán,093,Tixkokob
07,Chiapas,094,Teopisca
14,Jalisco,094,Tequila
15,México,094,Tepetlixpa
16,Michoacán de Ocampo,094,Tlazazalca
20,Oaxaca,094,San Andrés Nuxiño
21,Puebla,094,Libres
30,Veracruz de Ignacio de la Llave,094,Juan Rodríguez Clara
31,Yucatán,094,Tixmehuac
14,Jalisco,095,Teuchitlán
15,México,095,Tepotzotlán
16,Michoacán de Ocampo,095,Tocumbo
20,Oaxaca,095,San Andrés Paxtlán
21,Puebla,095,La Magdalena Tlatlauquitepec
30,Veracruz de Ignacio de la Llave,095,Juchique de Ferrer
31,Yucatán,095,Tixpéhual
07,Chiapas,096,Tila
14,Jalisco,096,Tizapán el Alto
15,México,096,Tequixquiac
16,Michoacán de Ocampo,096,Tumbiscatío
20,Oaxaca,096,San Andrés Sinaxtla
21,Puebla,096,Mazapiltepec de Juárez
30,Veracruz de Ignacio de la Llave,096,Landero y Coss
31,Yucatán,096,Tizimín
07,Chiapas,097,Tonalá
14,Jalisco,097,Tlajomulco de Zúñiga
15,México,097,Texcaltitlán
16,Michoacán de Ocampo,097,Turicato
20,Oaxaca,097,San Andrés Solaga
21,Puebla,097,Mixtla
30,Veracruz de Ignacio de la Llave,097,Lerdo de Tejada
31,Yucatán,097,Tunkás
07,Chiapas,098,Totolapa
14,Jalisco,098,San Pedro Tlaquepaque
15,México,098,Texcalyacac
16,Michoacán de Ocampo,098,Tuxpan
20,Oaxaca,098,San Andrés Teotilálpam
21,Puebla,098,Molcaxac
30,Veracruz de Ignacio de la Llave,098,Magdalena
31,Yucatán,098,Tzucacab
07,Chiapas,099,La Trinitaria
14,Jalisco,099,Tolimán
15,México,099,Texcoco
16,Michoacán de Ocampo,099,Tuzantla
20,Oaxaca,099,San Andrés Tepetlapa
21,Puebla,099,Cañada Morelos
30,Veracruz de Ignacio de la Llave,099,Maltrata
31,Yucatán,099,Uayma
07,Chiapas,100,Tumbalá
14,Jalisco,100,Tomatlán
15,México,100,Tezoyuca
16,Michoacán de Ocampo,100,Tzintzuntzan
20,Oaxaca,100,San Andrés Yaá
21,Puebla,100,Naupan
30,Veracruz de Ignacio de la Llave,100,Manlio Fabio Altamirano
31,Yucatán,100,Ucú
07,Chiapas,101,Tuxtla Gutiérrez
14,Jalisco,101,Tonalá
15,México,101,Tianguistenco
16,Michoacán de Ocampo,101,Tzitzio
20,Oaxaca,101,San Andrés Zabache
21,Puebla,101,Nauzontla
30,Veracruz de Ignacio de la Llave,101,Mariano Escobedo
31,Yucatán,101,Umán
07,Chiapas,102,Tuxtla Chico
14,Jalisco,102,Tonaya
15,México,102,Timilpan
16,Michoacán de Ocampo,102,Uruapan
20,Oaxaca,102,San Andrés Zautla
21,Puebla,102,Nealtican
30,Veracruz de Ignacio de la Llave,102,Martínez de la Torre
31,Yucatán,102,Valladolid
07,Chiapas,103,Tuzantán
14,Jalisco,103,Tonila
15,México,103,Tlalmanalco
16,Michoacán de Ocampo,103,Venustiano Carranza
20,Oaxaca,103,San Antonino Castillo Velasco
21,Puebla,103,Nicolás Bravo
30,Veracruz de Ignacio de la Llave,103,Mecatlán
31,Yucatán,103,Xocchel
07,Chiapas,104,Tzimol
14,Jalisco,104,Totatiche
15,México,104,Tlalnepantla de Baz
16,Michoacán de Ocampo,104,Villamar
20,Oaxaca,104,San Antonino el Alto
21,Puebla,104,Nopalucan
30,Veracruz de Ignacio de la Llave,104,Mecayapan
31,Yucatán,104,Yaxcabá
07,Chiapas,105,Unión Juárez
14,Jalisco,105,Tototlán
15,México,105,Tlatlaya
16,Michoacán de Ocampo,105,Vista Hermosa
20,Oaxaca,105,San Antonino Monte Verde
21,Puebla,105,Ocotepec
30,Veracruz de Ignacio de la Llave,105,Medellín
31,Yucatán,105,Yaxkukul
07,Chiapas,106,Venustiano Carranza
14,Jalisco,106,Tuxcacuesco
15,México,106,Toluca
16,Michoacán de Ocampo,106,Yurécuaro
20,Oaxaca,106,San Antonio Acutla
21,Puebla,106,Ocoyucan
30,Veracruz de Ignacio de la Llave,106,Miahuatlán
31,Yucatán,106,Yobaín
07,Chiapas,107,Villa Corzo
14,Jalisco,107,Tuxcueca
15,México,107,Tonatico
16,Michoacán de Ocampo,107,Zacapu
20,Oaxaca,107,San Antonio de la Cal
21,Puebla,107,Olintla
30,Veracruz de Ignacio de la Llave,107,Las Minas
07,Chiapas,108,Villaflores
14,Jalisco,108,Tuxpan
15,México,108,Tultepec
16,Michoacán de Ocampo,108,Zamora
20,Oaxaca,108,San Antonio Huitepec
21,Puebla,108,Oriental
30,Veracruz de Ignacio de la Llave,108,Minatitlán
07,Chiapas,109,Yajalón
14,Jalisco,109,Unión de San Antonio
15,México,109,Tultitlán
16,Michoacán de Ocampo,109,Zináparo
20,Oaxaca,109,San Antonio Nanahuatípam
21,Puebla,109,Pahuatlán
30,Veracruz de Ignacio de la Llave,109,Misantla
07,Chiapas,110,San Lucas
14,Jalisco,110,Unión de Tula
15,México,110,Valle de Bravo
16,Michoacán de Ocampo,110,Zinapécuaro
20,Oaxaca,110,San Antonio Sinicahua
21,Puebla,110,Palmar de Bravo
30,Veracruz de Ignacio de la Llave,110,Mixtla de Altamirano
07,Chiapas,111,Zinacantán
14,Jalisco,111,Valle de Guadalupe
15,México,111,Villa de Allende
16,Michoacán de Ocampo,111,Ziracuaretiro
20,Oaxaca,111,San Antonio Tepetlapa
21,Puebla,111,Pantepec
30,Veracruz de Ignacio de la Llave,111,Moloacán
07,Chiapas,112,San Juan Cancuc
14,Jalisco,112,Valle de Juárez
15,México,112,Villa del Carbón
16,Michoacán de Ocampo,112,Zitácuaro
20,Oaxaca,112,San Baltazar Chichicápam
21,Puebla,112,Petlalcingo
30,Veracruz de Ignacio de la Llave,112,Naolinco
07,Chiapas,113,Aldama
14,Jalisco,113,San Gabriel
15,México,113,Villa Guerrero
16,Michoacán de Ocampo,113,José Sixto Verduzco
20,Oaxaca,113,San Baltazar Loxicha
21,Puebla,113,Piaxtla
30,Veracruz de Ignacio de la Llave,113,Naranjal
07,Chiapas,114,Benemérito de las Américas
14,Jalisco,114,Villa Corona
15,México,114,Villa Victoria
20,Oaxaca,114,San Baltazar Yatzachi el Bajo
21,Puebla,114,Puebla
30,Veracruz de Ignacio de la Llave,114,Nautla
07,Chiapas,115,Maravilla Tenejapa
14,Jalisco,115,Villa Guerrero
15,México,115,Xonacatlán
20,Oaxaca,115,San Bartolo Coyotepec
21,Puebla,115,Quecholac
30,Veracruz de Ignacio de la Llave,115,Nogales
07,Chiapas,116,Marqués de Comillas
14,Jalisco,116,Villa Hidalgo
15,México,116,Zacazonapan
20,Oaxaca,116,San Bartolomé Ayautla
21,Puebla,116,Quimixtlán
30,Veracruz de Ignacio de la Llave,116,Oluta
07,Chiapas,117,Montecristo de Guerrero
14,Jalisco,117,Cañadas de Obregón
15,México,117,Zacualpan
20,Oaxaca,117,San Bartolomé Loxicha
21,Puebla,117,Rafael Lara Grajales
30,Veracruz de Ignacio de la Llave,117,Omealca
07,Chiapas,118,San Andrés Duraznal
14,Jalisco,118,Yahualica de González Gallo
15,México,118,Zinacantepec
20,Oaxaca,118,San Bartolomé Quialana
21,Puebla,118,Los Reyes de Juárez
30,Veracruz de Ignacio de la Llave,118,Orizaba
07,Chiapas,119,Santiago el Pinar
14,Jalisco,119,Zacoalco de Torres
15,México,119,Zumpahuacán
20,Oaxaca,119,San Bartolomé Yucuañe
21,Puebla,119,San Andrés Cholula
30,Veracruz de Ignacio de la Llave,119,Otatitlán
14,Jalisco,120,Zapopan
15,México,120,Zumpango
20,Oaxaca,120,San Bartolomé Zoogocho
21,Puebla,120,San Antonio Cañada
30,Veracruz de Ignacio de la Llave,120,Oteapan
14,Jalisco,121,Zapotiltic
15,México,121,Cuautitlán Izcalli
20,Oaxaca,121,San Bartolo Soyaltepec
21,Puebla,121,San Diego la Mesa Tochimiltzingo
30,Veracruz de Ignacio de la Llave,121,Ozuluama de Mascareñas
14,Jalisco,122,Zapotitlán de Vadillo
15,México,122,Valle de Chalco Solidaridad
20,Oaxaca,122,San Bartolo Yautepec
21,Puebla,122,San Felipe Teotlalcingo
30,Veracruz de Ignacio de la Llave,122,Pajapan
14,Jalisco,123,Zapotlán del Rey
15,México,123,Luvianos
20,Oaxaca,123,San Bernardo Mixtepec
21,Puebla,123,San Felipe Tepatlán
30,Veracruz de Ignacio de la Llave,123,Pánuco
14,Jalisco,124,Zapotlanejo
15,México,124,San José del Rincón
20,Oaxaca,124,San Blas Atempa
21,Puebla,124,San Gabriel Chilac
30,Veracruz de Ignacio de la Llave,124,Papantla
14,Jalisco,125,San Ignacio Cerro Gordo
15,México,125,Tonanitla
20,Oaxaca,125,San Carlos Yautepec
21,Puebla,125,San Gregorio Atzompa
30,Veracruz de Ignacio de la Llave,125,Paso del Macho
20,Oaxaca,126,San Cristóbal Amatlán
21,Puebla,126,San Jerónimo Tecuanipan
30,Veracruz de Ignacio de la Llave,126,Paso de Ovejas
20,Oaxaca,127,San Cristóbal Amoltepec
21,Puebla,127,San Jerónimo Xayacatlán
30,Veracruz de Ignacio de la Llave,127,La Perla
20,Oaxaca,128,San Cristóbal Lachirioag
21,Puebla,128,San José Chiapa
30,Veracruz de Ignacio de la Llave,128,Perote
20,Oaxaca,129,San Cristóbal Suchixtlahuaca
21,Puebla,129,San José Miahuatlán
30,Veracruz de Ignacio de la Llave,129,Platón Sánchez
20,Oaxaca,130,San Dionisio del Mar
21,Puebla,130,San Juan Atenco
30,Veracruz de Ignacio de la Llave,130,Playa Vicente
20,Oaxaca,131,San Dionisio Ocotepec
21,Puebla,131,San Juan Atzompa
30,Veracruz de Ignacio de la Llave,131,Poza Rica de Hidalgo
20,Oaxaca,132,San Dionisio Ocotlán
21,Puebla,132,San Martín Texmelucan
30,Veracruz de Ignacio de la Llave,132,Las Vigas de Ramírez
20,Oaxaca,133,San Esteban Atatlahuca
21,Puebla,133,San Martín Totoltepec
30,Veracruz de Ignacio de la Llave,133,Pueblo Viejo
20,Oaxaca,134,San Felipe Jalapa de Díaz
21,Puebla,134,San Matías Tlalancaleca
30,Veracruz de Ignacio de la Llave,134,Puente Nacional
20,Oaxaca,135,San Felipe Tejalápam
21,Puebla,135,San Miguel Ixitlán
30,Veracruz de Ignacio de la Llave,135,Rafael Delgado
20,Oaxaca,136,San Felipe Usila
21,Puebla,136,San Miguel Xoxtla
30,Veracruz de Ignacio de la Llave,136,Rafael Lucio
20,Oaxaca,137,San Francisco Cahuacuá
21,Puebla,137,San Nicolás Buenos Aires
30,Veracruz de Ignacio de la Llave,137,Los Reyes
20,Oaxaca,138,San Francisco Cajonos
21,Puebla,138,San Nicolás de los Ranchos
30,Veracruz de Ignacio de la Llave,138,Río Blanco
20,Oaxaca,139,San Francisco Chapulapa
21,Puebla,139,San Pablo Anicano
30,Veracruz de Ignacio de la Llave,139,Saltabarranca
20,Oaxaca,140,San Francisco Chindúa
21,Puebla,140,San Pedro Cholula
30,Veracruz de Ignacio de la Llave,140,San Andrés Tenejapan
20,Oaxaca,141,San Francisco del Mar
21,Puebla,141,San Pedro Yeloixtlahuaca
30,Veracruz de Ignacio de la Llave,141,San Andrés Tuxtla
20,Oaxaca,142,San Francisco Huehuetlán
21,Puebla,142,San Salvador el Seco
30,Veracruz de Ignacio de la Llave,142,San Juan Evangelista
20,Oaxaca,143,San Francisco Ixhuatán
21,Puebla,143,San Salvador el Verde
30,Veracruz de Ignacio de la Llave,143,Santiago Tuxtla
20,Oaxaca,144,San Francisco Jaltepetongo
21,Puebla,144,San Salvador Huixcolotla
30,Veracruz de Ignacio de la Llave,144,Sayula de Alemán
20,Oaxaca,145,San Francisco Lachigoló
21,Puebla,145,San Sebastián Tlacotepec
30,Veracruz de Ignacio de la Llave,145,Soconusco
20,Oaxaca,146,San Francisco Logueche
21,Puebla,146,Santa Catarina Tlaltempan
30,Veracruz de Ignacio de la Llave,146,Sochiapa
20,Oaxaca,147,San Francisco Nuxaño
21,Puebla,147,Santa Inés Ahuatempan
30,Veracruz de Ignacio de la Llave,147,Soledad Atzompa
20,Oaxaca,148,San Francisco Ozolotepec
21,Puebla,148,Santa Isabel Cholula
30,Veracruz de Ignacio de la Llave,148,Soledad de Doblado
20,Oaxaca,149,San Francisco Sola
21,Puebla,149,Santiago Miahuatlán
30,Veracruz de Ignacio de la Llave,149,Soteapan
20,Oaxaca,150,San Francisco Telixtlahuaca
21,Puebla,150,Huehuetlán el Grande
30,Veracruz de Ignacio de la Llave,150,Tamalín
20,Oaxaca,151,San Francisco Teopan
21,Puebla,151,Santo Tomás Hueyotlipan
30,Veracruz de Ignacio de la Llave,151,Tamiahua
20,Oaxaca,152,San Francisco Tlapancingo
21,Puebla,152,Soltepec
30,Veracruz de Ignacio de la Llave,152,Tampico Alto
20,Oaxaca,153,San Gabriel Mixtepec
21,Puebla,153,Tecali de Herrera
30,Veracruz de Ignacio de la Llave,153,Tancoco
20,Oaxaca,154,San Ildefonso Amatlán
21,Puebla,154,Tecamachalco
30,Veracruz de Ignacio de la Llave,154,Tantima
20,Oaxaca,155,San Ildefonso Sola
21,Puebla,155,Tecomatlán
30,Veracruz de Ignacio de la Llave,155,Tantoyuca
20,Oaxaca,156,San Ildefonso Villa Alta
21,Puebla,156,Tehuacán
30,Veracruz de Ignacio de la Llave,156,Tatatila
20,Oaxaca,157,San Jacinto Amilpas
21,Puebla,157,Tehuitzingo
30,Veracruz de Ignacio de la Llave,157,Castillo de Teayo
20,Oaxaca,158,San Jacinto Tlacotepec
21,Puebla,158,Tenampulco
30,Veracruz de Ignacio de la Llave,158,Tecolutla
20,Oaxaca,159,San Jerónimo Coatlán
21,Puebla,159,Teopantlán
30,Veracruz de Ignacio de la Llave,159,Tehuipango
20,Oaxaca,160,San Jerónimo Silacayoapilla
21,Puebla,160,Teotlalco
30,Veracruz de Ignacio de la Llave,160,Álamo Temapache
20,Oaxaca,161,San Jerónimo Sosola
21,Puebla,161,Tepanco de López
30,Veracruz de Ignacio de la Llave,161,Tempoal
20,Oaxaca,162,San Jerónimo Taviche
21,Puebla,162,Tepango de Rodríguez
30,Veracruz de Ignacio de la Llave,162,Tenampa
20,Oaxaca,163,San Jerónimo Tecóatl
21,Puebla,163,Tepatlaxco de Hidalgo
30,Veracruz de Ignacio de la Llave,163,Tenochtitlán
20,Oaxaca,164,San Jorge Nuchita
21,Puebla,164,Tepeaca
30,Veracruz de Ignacio de la Llave,164,Teocelo
20,Oaxaca,165,San José Ayuquila
21,Puebla,165,Tepemaxalco
30,Veracruz de Ignacio de la Llave,165,Tepatlaxco
20,Oaxaca,166,San José Chiltepec
21,Puebla,166,Tepeojuma
30,Veracruz de Ignacio de la Llave,166,Tepetlán
20,Oaxaca,167,San José del Peñasco
21,Puebla,167,Tepetzintla
30,Veracruz de Ignacio de la Llave,167,Tepetzintla
20,Oaxaca,168,San José Estancia Grande
21,Puebla,168,Tepexco
30,Veracruz de Ignacio de la Llave,168,Tequila
20,Oaxaca,169,San José Independencia
21,Puebla,169,Tepexi de Rodríguez
30,Veracruz de Ignacio de la Llave,169,José Azueta
20,Oaxaca,170,San José Lachiguiri
21,Puebla,170,Tepeyahualco
30,Veracruz de Ignacio de la Llave,170,Texcatepec
20,Oaxaca,171,San José Tenango
21,Puebla,171,Tepeyahualco de Cuauhtémoc
30,Veracruz de Ignacio de la Llave,171,Texhuacán
20,Oaxaca,172,San Juan Achiutla
21,Puebla,172,Tetela de Ocampo
30,Veracruz de Ignacio de la Llave,172,Texistepec
20,Oaxaca,173,San Juan Atepec
21,Puebla,173,Teteles de Avila Castillo
30,Veracruz de Ignacio de la Llave,173,Tezonapa
20,Oaxaca,174,Ánimas Trujano
21,Puebla,174,Teziutlán
30,Veracruz de Ignacio de la Llave,174,Tierra Blanca
20,Oaxaca,175,San Juan Bautista Atatlahuca
21,Puebla,175,Tianguismanalco
30,Veracruz de Ignacio de la Llave,175,Tihuatlán
20,Oaxaca,176,San Juan Bautista Coixtlahuaca
21,Puebla,176,Tilapa
30,Veracruz de Ignacio de la Llave,176,Tlacojalpan
20,Oaxaca,177,San Juan Bautista Cuicatlán
21,Puebla,177,Tlacotepec de Benito Juárez
30,Veracruz de Ignacio de la Llave,177,Tlacolulan
20,Oaxaca,178,San Juan Bautista Guelache
21,Puebla,178,Tlacuilotepec
30,Veracruz de Ignacio de la Llave,178,Tlacotalpan
20,Oaxaca,179,San Juan Bautista Jayacatlán
21,Puebla,179,Tlachichuca
30,Veracruz de Ignacio de la Llave,179,Tlacotepec de Mejía
20,Oaxaca,180,San Juan Bautista Lo de Soto
21,Puebla,180,Tlahuapan
30,Veracruz de Ignacio de la Llave,180,Tlachichilco
20,Oaxaca,181,San Juan Bautista Suchitepec
21,Puebla,181,Tlaltenango
30,Veracruz de Ignacio de la Llave,181,Tlalixcoyan
20,Oaxaca,182,San Juan Bautista Tlacoatzintepec
21,Puebla,182,Tlanepantla
30,Veracruz de Ignacio de la Llave,182,Tlalnelhuayocan
20,Oaxaca,183,San Juan Bautista Tlachichilco
21,Puebla,183,Tlaola
30,Veracruz de Ignacio de la Llave,183,Tlapacoyan
20,Oaxaca,184,San Juan Bautista Tuxtepec
21,Puebla,184,Tlapacoya
30,Veracruz de Ignacio de la Llave,184,Tlaquilpa
20,Oaxaca,185,San Juan Cacahuatepec
21,Puebla,185,Tlapanalá
30,Veracruz de Ignacio de la Llave,185,Tlilapan
20,Oaxaca,186,San Juan Cieneguilla
21,Puebla,186,Tlatlauquitepec
30,Veracruz de Ignacio de la Llave,186,Tomatlán
20,Oaxaca,187,San Juan Coatzóspam
21,Puebla,187,Tlaxco
30,Veracruz de Ignacio de la Llave,187,Tonayán
20,Oaxaca,188,San Juan Colorado
21,Puebla,188,Tochimilco
30,Veracruz de Ignacio de la Llave,188,Totutla
20,Oaxaca,189,San Juan Comaltepec
21,Puebla,189,Tochtepec
30,Veracruz de Ignacio de la Llave,189,Tuxpan
20,Oaxaca,190,San Juan Cotzocón
21,Puebla,190,Totoltepec de Guerrero
30,Veracruz de Ignacio de la Llave,190,Tuxtilla
20,Oaxaca,191,San Juan Chicomezúchil
21,Puebla,191,Tulcingo
30,Veracruz de Ignacio de la Llave,191,Ursulo Galván
20,Oaxaca,192,San Juan Chilateca
21,Puebla,192,Tuzamapan de Galeana
30,Veracruz de Ignacio de la Llave,192,Vega de Alatorre
20,Oaxaca,193,San Juan del Estado
21,Puebla,193,Tzicatlacoyan
30,Veracruz de Ignacio de la Llave,193,Veracruz
20,Oaxaca,194,San Juan del Río
21,Puebla,194,Venustiano Carranza
30,Veracruz de Ignacio de la Llave,194,Villa Aldama
20,Oaxaca,195,San Juan Diuxi
21,Puebla,195,Vicente Guerrero
30,Veracruz de Ignacio de la Llave,195,Xoxocotla
20,Oaxaca,196,San Juan Evangelista Analco
21,Puebla,196,Xayacatlán de Bravo
30,Veracruz de Ignacio de la Llave,196,Yanga
20,Oaxaca,197,San Juan Guelavía
21,Puebla,197,Xicotepec
30,Veracruz de Ignacio de la Llave,197,Yecuatla
20,Oaxaca,198,San Juan Guichicovi
21,Puebla,198,Xicotlán
30,Veracruz de Ignacio de la Llave,198,Zacualpan
20,Oaxaca,199,San Juan Ihualtepec
21,Puebla,199,Xiutetelco
30,Veracruz de Ignacio de la Llave,199,Zaragoza
20,Oaxaca,200,San Juan Juquila Mixes
21,Puebla,200,Xochiapulco
30,Veracruz de Ignacio de la Llave,200,Zentla
20,Oaxaca,201,San Juan Juquila Vijanos
21,Puebla,201,Xochiltepec
30,Veracruz de Ignacio de la Llave,201,Zongolica
20,Oaxaca,202,San Juan Lachao
21,Puebla,202,Xochitlán de Vicente Suárez
30,Veracruz de Ignacio de la Llave,202,Zontecomatlán de López y Fuentes
20,Oaxaca,203,San Juan Lachigalla
21,Puebla,203,Xochitlán Todos Santos
30,Veracruz de Ignacio de la Llave,203,Zozocolco de Hidalgo
20,Oaxaca,204,San Juan Lajarcia
21,Puebla,204,Yaonáhuac
30,Veracruz de Ignacio de la Llave,204,Agua Dulce
20,Oaxaca,205,San Juan Lalana
21,Puebla,205,Yehualtepec
30,Veracruz de Ignacio de la Llave,205,El Higo
20,Oaxaca,206,San Juan de los Cués
21,Puebla,206,Zacapala
30,Veracruz de Ignacio de la Llave,206,Nanchital de Lázaro Cárdenas del Río
20,Oaxaca,207,San Juan Mazatlán
21,Puebla,207,Zacapoaxtla
30,Veracruz de Ignacio de la Llave,207,Tres Valles
20,Oaxaca,208,San Juan Mixtepec -Dto. 08 -
21,Puebla,208,Zacatlán
30,Veracruz de Ignacio de la Llave,208,Carlos A. Carrillo
20,Oaxaca,209,San Juan Mixtepec -Dto. 26 -
21,Puebla,209,Zapotitlán
30,Veracruz de Ignacio de la Llave,209,Tatahuicapan de Juárez
20,Oaxaca,210,San Juan Ñumí
21,Puebla,210,Zapotitlán de Méndez
30,Veracruz de Ignacio de la Llave,210,Uxpanapa
20,Oaxaca,211,San Juan Ozolotepec
21,Puebla,211,Zaragoza
30,Veracruz de Ignacio de la Llave,211,San Rafael
20,Oaxaca,212,San Juan Petlapa
21,Puebla,212,Zautla
30,Veracruz de Ignacio de la Llave,212,Santiago Sochiapan
20,Oaxaca,213,San Juan Quiahije
21,Puebla,213,Zihuateutla
20,Oaxaca,214,San Juan Quiotepec
21,Puebla,214,Zinacatepec
20,Oaxaca,215,San Juan Sayultepec
21,Puebla,215,Zongozotla
20,Oaxaca,216,San Juan Tabaá
21,Puebla,216,Zoquiapan
20,Oaxaca,217,San Juan Tamazola
21,Puebla,217,Zoquitlán
20,Oaxaca,218,San Juan Teita
20,Oaxaca,219,San Juan Teitipac
20,Oaxaca,220,San Juan Tepeuxila
20,Oaxaca,221,San Juan Teposcolula
20,Oaxaca,222,San Juan Yaeé
20,Oaxaca,223,San Juan Yatzona
20,Oaxaca,224,San Juan Yucuita
20,Oaxaca,225,San Lorenzo
20,Oaxaca,226,San Lorenzo Albarradas
20,Oaxaca,227,San Lorenzo Cacaotepec
20,Oaxaca,228,San Lorenzo Cuaunecuiltitla
20,Oaxaca,229,San Lorenzo Texmelúcan
20,Oaxaca,230,San Lorenzo Victoria
20,Oaxaca,231,San Lucas Camotlán
20,Oaxaca,232,San Lucas Ojitlán
20,Oaxaca,233,San Lucas Quiaviní
20,Oaxaca,234,San Lucas Zoquiápam
20,Oaxaca,235,San Luis Amatlán
20,Oaxaca,236,San Marcial Ozolotepec
20,Oaxaca,237,San Marcos Arteaga
20,Oaxaca,238,San Martín de los Cansecos
20,Oaxaca,239,San Martín Huamelúlpam
20,Oaxaca,240,San Martín Itunyoso
20,Oaxaca,241,San Martín Lachilá
20,Oaxaca,242,San Martín Peras
20,Oaxaca,243,San Martín Tilcajete
20,Oaxaca,244,San Martín Toxpalan
20,Oaxaca,245,San Martín Zacatepec
20,Oaxaca,246,San Mateo Cajonos
20,Oaxaca,247,Capulálpam de Méndez
20,Oaxaca,248,San Mateo del Mar
20,Oaxaca,249,San Mateo Yoloxochitlán
20,Oaxaca,250,San Mateo Etlatongo
20,Oaxaca,251,San Mateo Nejápam
20,Oaxaca,252,San Mateo Peñasco
20,Oaxaca,253,San Mateo Piñas
20,Oaxaca,254,San Mateo Río Hondo
20,Oaxaca,255,San Mateo Sindihui
20,Oaxaca,256,San Mateo Tlapiltepec
20,Oaxaca,257,San Melchor Betaza
20,Oaxaca,258,San Miguel Achiutla
20,Oaxaca,259,San Miguel Ahuehuetitlán
20,Oaxaca,260,San Miguel Aloápam
20,Oaxaca,261,San Miguel Amatitlán
20,Oaxaca,262,San Miguel Amatlán
20,Oaxaca,263,San Miguel Coatlán
20,Oaxaca,264,San Miguel Chicahua
20,Oaxaca,265,San Miguel Chimalapa
20,Oaxaca,266,San Miguel del Puerto
20,Oaxaca,267,San Miguel del Río
20,Oaxaca,268,San Miguel Ejutla
20,Oaxaca,269,San Miguel el Grande
20,Oaxaca,270,San Miguel Huautla
20,Oaxaca,271,San Miguel Mixtepec
20,Oaxaca,272,San Miguel Panixtlahuaca
20,Oaxaca,273,San Miguel Peras
20,Oaxaca,274,San Miguel Piedras
20,Oaxaca,275,San Miguel Quetzaltepec
20,Oaxaca,276,San Miguel Santa Flor
20,Oaxaca,277,Villa Sola de Vega
20,Oaxaca,278,San Miguel Soyaltepec
20,Oaxaca,279,San Miguel Suchixtepec
20,Oaxaca,280,Villa Talea de Castro
20,Oaxaca,281,San Miguel Tecomatlán
20,Oaxaca,282,San Miguel Tenango
20,Oaxaca,283,San Miguel Tequixtepec
20,Oaxaca,284,San Miguel Tilquiápam
20,Oaxaca,285,San Miguel Tlacamama
20,Oaxaca,286,San Miguel Tlacotepec
20,Oaxaca,287,San Miguel Tulancingo
20,Oaxaca,288,San Miguel Yotao
20,Oaxaca,289,San Nicolás
20,Oaxaca,290,San Nicolás Hidalgo
20,Oaxaca,291,San Pablo Coatlán
20,Oaxaca,292,San Pablo Cuatro Venados
20,Oaxaca,293,San Pablo Etla
20,Oaxaca,294,San Pablo Huitzo
20,Oaxaca,295,San Pablo Huixtepec
20,Oaxaca,296,San Pablo Macuiltianguis
20,Oaxaca,297,San Pablo Tijaltepec
20,Oaxaca,298,San Pablo Villa de Mitla
20,Oaxaca,299,San Pablo Yaganiza
20,Oaxaca,300,San Pedro Amuzgos
20,Oaxaca,301,San Pedro Apóstol
20,Oaxaca,302,San Pedro Atoyac
20,Oaxaca,303,San Pedro Cajonos
20,Oaxaca,304,San Pedro Coxcaltepec Cántaros
20,Oaxaca,305,San Pedro Comitancillo
20,Oaxaca,306,San Pedro el Alto
20,Oaxaca,307,San Pedro Huamelula
20,Oaxaca,308,San Pedro Huilotepec
20,Oaxaca,309,San Pedro Ixcatlán
20,Oaxaca,310,San Pedro Ixtlahuaca
20,Oaxaca,311,San Pedro Jaltepetongo
20,Oaxaca,312,San Pedro Jicayán
20,Oaxaca,313,San Pedro Jocotipac
20,Oaxaca,314,San Pedro Juchatengo
20,Oaxaca,315,San Pedro Mártir
20,Oaxaca,316,San Pedro Mártir Quiechapa
20,Oaxaca,317,San Pedro Mártir Yucuxaco
20,Oaxaca,318,San Pedro Mixtepec -Dto. 22 -
20,Oaxaca,319,San Pedro Mixtepec -Dto. 26 -
20,Oaxaca,320,San Pedro Molinos
20,Oaxaca,321,San Pedro Nopala
20,Oaxaca,322,San Pedro Ocopetatillo
20,Oaxaca,323,San Pedro Ocotepec
20,Oaxaca,324,San Pedro Pochutla
20,Oaxaca,325,San Pedro Quiatoni
20,Oaxaca,326,San Pedro Sochiápam
20,Oaxaca,327,San Pedro Tapanatepec
20,Oaxaca,328,San Pedro Taviche
20,Oaxaca,329,San Pedro Teozacoalco
20,Oaxaca,330,San Pedro Teutila
20,Oaxaca,331,San Pedro Tidaá
20,Oaxaca,332,San Pedro Topiltepec
20,Oaxaca,333,San Pedro Totolápam
20,Oaxaca,334,Villa de Tututepec de Melchor Ocampo
20,Oaxaca,335,San Pedro Yaneri
20,Oaxaca,336,San Pedro Yólox
20,Oaxaca,337,San Pedro y San Pablo Ayutla
20,Oaxaca,338,Villa de Etla
20,Oaxaca,339,San Pedro y San Pablo Teposcolula
20,Oaxaca,340,San Pedro y San Pablo Tequixtepec
20,Oaxaca,341,San Pedro Yucunama
20,Oaxaca,342,San Raymundo Jalpan
20,Oaxaca,343,San Sebastián Abasolo
20,Oaxaca,344,San Sebastián Coatlán
20,Oaxaca,345,San Sebastián Ixcapa
20,Oaxaca,346,San Sebastián Nicananduta
20,Oaxaca,347,San Sebastián Río Hondo
20,Oaxaca,348,San Sebastián Tecomaxtlahuaca
20,Oaxaca,349,San Sebastián Teitipac
20,Oaxaca,350,San Sebastián Tutla
20,Oaxaca,351,San Simón Almolongas
20,Oaxaca,352,San Simón Zahuatlán
20,Oaxaca,353,Santa Ana
20,Oaxaca,354,Santa Ana Ateixtlahuaca
20,Oaxaca,355,Santa Ana Cuauhtémoc
20,Oaxaca,356,Santa Ana del Valle
20,Oaxaca,357,Santa Ana Tavela
20,Oaxaca,358,Santa Ana Tlapacoyan
20,Oaxaca,359,Santa Ana Yareni
20,Oaxaca,360,Santa Ana Zegache
20,Oaxaca,361,Santa Catalina Quierí
20,Oaxaca,362,Santa Catarina Cuixtla
20,Oaxaca,363,Santa Catarina Ixtepeji
20,Oaxaca,364,Santa Catarina Juquila
20,Oaxaca,365,Santa Catarina Lachatao
20,Oaxaca,366,Santa Catarina Loxicha
20,Oaxaca,367,Santa Catarina Mechoacán
20,Oaxaca,368,Santa Catarina Minas
20,Oaxaca,369,Santa Catarina Quiané
20,Oaxaca,370,Santa Catarina Tayata
20,Oaxaca,371,Santa Catarina Ticuá
20,Oaxaca,372,Santa Catarina Yosonotú
20,Oaxaca,373,Santa Catarina Zapoquila
20,Oaxaca,374,Santa Cruz Acatepec
20,Oaxaca,375,Santa Cruz Amilpas
20,Oaxaca,376,Santa Cruz de Bravo
20,Oaxaca,377,Santa Cruz Itundujia
20,Oaxaca,378,Santa Cruz Mixtepec
20,Oaxaca,379,Santa Cruz Nundaco
20,Oaxaca,380,Santa Cruz Papalutla
20,Oaxaca,381,Santa Cruz Tacache de Mina
20,Oaxaca,382,Santa Cruz Tacahua
20,Oaxaca,383,Santa Cruz Tayata
20,Oaxaca,384,Santa Cruz Xitla
20,Oaxaca,385,Santa Cruz Xoxocotlán
20,Oaxaca,386,Santa Cruz Zenzontepec
20,Oaxaca,387,Santa Gertrudis
20,Oaxaca,388,Santa Inés del Monte
20,Oaxaca,389,Santa Inés Yatzeche
20,Oaxaca,390,Santa Lucía del Camino
20,Oaxaca,391,Santa Lucía Miahuatlán
20,Oaxaca,392,Santa Lucía Monteverde
20,Oaxaca,393,Santa Lucía Ocotlán
20,Oaxaca,394,Santa María Alotepec
20,Oaxaca,395,Santa María Apazco
20,Oaxaca,396,Santa María la Asunción
20,Oaxaca,397,Heroica Ciudad de Tlaxiaco
20,Oaxaca,398,Ayoquezco de Aldama
20,Oaxaca,399,Santa María Atzompa
20,Oaxaca,400,Santa María Camotlán
20,Oaxaca,401,Santa María Colotepec
20,Oaxaca,402,Santa María Cortijo
20,Oaxaca,403,Santa María Coyotepec
20,Oaxaca,404,Santa María Chachoápam
20,Oaxaca,405,Villa de Chilapa de Díaz
20,Oaxaca,406,Santa María Chilchotla
20,Oaxaca,407,Santa María Chimalapa
20,Oaxaca,408,Santa María del Rosario
20,Oaxaca,409,Santa María del Tule
20,Oaxaca,410,Santa María Ecatepec
20,Oaxaca,411,Santa María Guelacé
20,Oaxaca,412,Santa María Guienagati
20,Oaxaca,413,Santa María Huatulco
20,Oaxaca,414,Santa María Huazolotitlán
20,Oaxaca,415,Santa María Ipalapa
20,Oaxaca,416,Santa María Ixcatlán
20,Oaxaca,417,Santa María Jacatepec
20,Oaxaca,418,Santa María Jalapa del Marqués
20,Oaxaca,419,Santa María Jaltianguis
20,Oaxaca,420,Santa María Lachixío
20,Oaxaca,421,Santa María Mixtequilla
20,Oaxaca,422,Santa María Nativitas
20,Oaxaca,423,Santa María Nduayaco
20,Oaxaca,424,Santa María Ozolotepec
20,Oaxaca,425,Santa María Pápalo
20,Oaxaca,426,Santa María Peñoles
20,Oaxaca,427,Santa María Petapa
20,Oaxaca,428,Santa María Quiegolani
20,Oaxaca,429,Santa María Sola
20,Oaxaca,430,Santa María Tataltepec
20,Oaxaca,431,Santa María Tecomavaca
20,Oaxaca,432,Santa María Temaxcalapa
20,Oaxaca,433,Santa María Temaxcaltepec
20,Oaxaca,434,Santa María Teopoxco
20,Oaxaca,435,Santa María Tepantlali
20,Oaxaca,436,Santa María Texcatitlán
20,Oaxaca,437,Santa María Tlahuitoltepec
20,Oaxaca,438,Santa María Tlalixtac
20,Oaxaca,439,Santa María Tonameca
20,Oaxaca,440,Santa María Totolapilla
20,Oaxaca,441,Santa María Xadani
20,Oaxaca,442,Santa María Yalina
20,Oaxaca,443,Santa María Yavesía
20,Oaxaca,444,Santa María Yolotepec
20,Oaxaca,445,Santa María Yosoyúa
20,Oaxaca,446,Santa María Yucuhiti
20,Oaxaca,447,Santa María Zacatepec
20,Oaxaca,448,Santa María Zaniza
20,Oaxaca,449,Santa María Zoquitlán
20,Oaxaca,450,Santiago Amoltepec
20,Oaxaca,451,Santiago Apoala
20,Oaxaca,452,Santiago Apóstol
20,Oaxaca,453,Santiago Astata
20,Oaxaca,454,Santiago Atitlán
20,Oaxaca,455,Santiago Ayuquililla
20,Oaxaca,456,Santiago Cacaloxtepec
20,Oaxaca,457,Santiago Camotlán
20,Oaxaca,458,Santiago Comaltepec
20,Oaxaca,459,Santiago Chazumba
20,Oaxaca,460,Santiago Choápam
20,Oaxaca,461,Santiago del Río
20,Oaxaca,462,Santiago Huajolotitlán
20,Oaxaca,463,Santiago Huauclilla
20,Oaxaca,464,Santiago Ihuitlán Plumas
20,Oaxaca,465,Santiago Ixcuintepec
20,Oaxaca,466,Santiago Ixtayutla
20,Oaxaca,467,Santiago Jamiltepec
20,Oaxaca,468,Santiago Jocotepec
20,Oaxaca,469,Santiago Juxtlahuaca
20,Oaxaca,470,Santiago Lachiguiri
20,Oaxaca,471,Santiago Lalopa
20,Oaxaca,472,Santiago Laollaga
20,Oaxaca,473,Santiago Laxopa
20,Oaxaca,474,Santiago Llano Grande
20,Oaxaca,475,Santiago Matatlán
20,Oaxaca,476,Santiago Miltepec
20,Oaxaca,477,Santiago Minas
20,Oaxaca,478,Santiago Nacaltepec
20,Oaxaca,479,Santiago Nejapilla
20,Oaxaca,480,Santiago Nundiche
20,Oaxaca,481,Santiago Nuyoó
20,Oaxaca,482,Santiago Pinotepa Nacional
20,Oaxaca,483,Santiago Suchilquitongo
20,Oaxaca,484,Santiago Tamazola
20,Oaxaca,485,Santiago Tapextla
20,Oaxaca,486,Villa Tejúpam de la Unión
20,Oaxaca,487,Santiago Tenango
20,Oaxaca,488,Santiago Tepetlapa
20,Oaxaca,489,Santiago Tetepec
20,Oaxaca,490,Santiago Texcalcingo
20,Oaxaca,491,Santiago Textitlán
20,Oaxaca,492,Santiago Tilantongo
20,Oaxaca,493,Santiago Tillo
20,Oaxaca,494,Santiago Tlazoyaltepec
20,Oaxaca,495,Santiago Xanica
20,Oaxaca,496,Santiago Xiacuí
20,Oaxaca,497,Santiago Yaitepec
20,Oaxaca,498,Santiago Yaveo
20,Oaxaca,499,Santiago Yolomécatl
20,Oaxaca,500,Santiago Yosondúa
20,Oaxaca,501,Santiago Yucuyachi
20,Oaxaca,502,Santiago Zacatepec
20,Oaxaca,503,Santiago Zoochila
20,Oaxaca,504,Nuevo Zoquiápam
20,Oaxaca,505,Santo Domingo Ingenio
20,Oaxaca,506,Santo Domingo Albarradas
20,Oaxaca,507,Santo Domingo Armenta
20,Oaxaca,508,Santo Domingo Chihuitán
20,Oaxaca,509,Santo Domingo de Morelos
20,Oaxaca,510,Santo Domingo Ixcatlán
20,Oaxaca,511,Santo Domingo Nuxaá
20,Oaxaca,512,Santo Domingo Ozolotepec
20,Oaxaca,513,Santo Domingo Petapa
20,Oaxaca,514,Santo Domingo Roayaga
20,Oaxaca,515,Santo Domingo Tehuantepec
20,Oaxaca,516,Santo Domingo Teojomulco
20,Oaxaca,517,Santo Domingo Tepuxtepec
20,Oaxaca,518,Santo Domingo Tlatayápam
20,Oaxaca,519,Santo Domingo Tomaltepec
20,Oaxaca,520,Santo Domingo Tonalá
20,Oaxaca,521,Santo Domingo Tonaltepec
20,Oaxaca,522,Santo Domingo Xagacía
20,Oaxaca,523,Santo Domingo Yanhuitlán
20,Oaxaca,524,Santo Domingo Yodohino
20,Oaxaca,525,Santo Domingo Zanatepec
20,Oaxaca,526,Santos Reyes Nopala
20,Oaxaca,527,Santos Reyes Pápalo
20,Oaxaca,528,Santos Reyes Tepejillo
20,Oaxaca,529,Santos Reyes Yucuná
20,Oaxaca,530,Santo Tomás Jalieza
20,Oaxaca,531,Santo Tomás Mazaltepec
20,Oaxaca,532,Santo Tomás Ocotepec
20,Oaxaca,533,Santo Tomás Tamazulapan
20,Oaxaca,534,San Vicente Coatlán
20,Oaxaca,535,San Vicente Lachixío
20,Oaxaca,536,San Vicente Nuñú
20,Oaxaca,537,Silacayoápam
20,Oaxaca,538,Sitio de Xitlapehua
20,Oaxaca,539,Soledad Etla
20,Oaxaca,540,Villa de Tamazulápam del Progreso
20,Oaxaca,541,Tanetze de Zaragoza
20,Oaxaca,542,Taniche
20,Oaxaca,543,Tataltepec de Valdés
20,Oaxaca,544,Teococuilco de Marcos Pérez
20,Oaxaca,545,Teotitlán de Flores Magón
20,Oaxaca,546,Teotitlán del Valle
20,Oaxaca,547,Teotongo
20,Oaxaca,548,Tepelmeme Villa de Morelos
20,Oaxaca,549,"Heroica Villa Tezoatlán de Segura y Luna, Cuna de la Independencia de Oaxaca"
20,Oaxaca,550,San Jerónimo Tlacochahuaya
20,Oaxaca,551,Tlacolula de Matamoros
20,Oaxaca,552,Tlacotepec Plumas
20,Oaxaca,553,Tlalixtac de Cabrera
20,Oaxaca,554,Totontepec Villa de Morelos
20,Oaxaca,555,Trinidad Zaachila
20,Oaxaca,556,La Trinidad Vista Hermosa
20,Oaxaca,557,Unión Hidalgo
20,Oaxaca,558,Valerio Trujano
20,Oaxaca,559,San Juan Bautista Valle Nacional
20,Oaxaca,560,Villa Díaz Ordaz
20,Oaxaca,561,Yaxe
20,Oaxaca,562,Magdalena Yodocono de Porfirio Díaz
20,Oaxaca,563,Yogana
20,Oaxaca,564,Yutanduchi de Guerrero
20,Oaxaca,565,Villa de Zaachila
20,Oaxaca,566,San Mateo Yucutindó
20,Oaxaca,567,Zapotitlán Lagunas
20,Oaxaca,568,Zapotitlán Palmas
20,Oaxaca,569,Santa Inés de Zaragoza
20,Oaxaca,570,Zimatlán de Álvarez